x-axis,1,2
second,Volt,Volt
-25.00000E-06,+0.0E+00,+2.61306534708E+00
-24.97500E-06,+0.0E+00,+2.61306534708E+00
-24.95000E-06,+100.50251335E-03,+2.51256283373E+00
-24.92500E-06,+0.0E+00,+2.41206032038E+00
-24.90000E-06,+0.0E+00,+2.41206032038E+00
-24.87500E-06,+0.0E+00,+2.41206032038E+00
-24.85000E-06,+0.0E+00,+2.61306534708E+00
-24.82500E-06,+0.0E+00,+2.61306534708E+00
-24.80000E-06,+0.0E+00,+2.41206032038E+00
-24.77500E-06,+0.0E+00,+2.56281409040E+00
-24.75000E-06,+100.50251335E-03,+2.61306534708E+00
-24.72500E-06,+0.0E+00,+2.61306534708E+00
-24.70000E-06,+0.0E+00,+2.61306534708E+00
-24.67500E-06,+50.25125668E-03,+2.61306534708E+00
-24.65000E-06,+100.50251335E-03,+2.41206032038E+00
-24.62500E-06,+0.0E+00,+2.46231157705E+00
-24.60000E-06,+0.0E+00,+2.41206032038E+00
-24.57500E-06,+0.0E+00,+2.61306534708E+00
-24.55000E-06,+0.0E+00,+2.61306534708E+00
-24.52500E-06,+0.0E+00,+2.61306534708E+00
-24.50000E-06,+0.0E+00,+2.41206032038E+00
-24.47500E-06,+0.0E+00,+2.61306534708E+00
-24.45000E-06,+0.0E+00,+2.41206032038E+00
-24.42500E-06,+150.75377003E-03,+2.56281409040E+00
-24.40000E-06,+0.0E+00,+2.61306534708E+00
-24.37500E-06,+0.0E+00,+2.61306534708E+00
-24.35000E-06,+0.0E+00,+2.61306534708E+00
-24.32500E-06,+0.0E+00,+2.41206032038E+00
-24.30000E-06,+0.0E+00,+2.41206032038E+00
-24.27500E-06,+150.75377002E-03,+2.36180906370E+00
-24.25000E-06,+0.0E+00,+2.41206032038E+00
-24.22500E-06,+0.0E+00,+2.41206032038E+00
-24.20000E-06,+0.0E+00,+2.41206032038E+00
-24.17500E-06,+0.0E+00,+2.61306534708E+00
-24.15000E-06,+0.0E+00,+2.41206032038E+00
-24.12500E-06,+0.0E+00,+2.41206032038E+00
-24.10000E-06,+0.0E+00,+2.41206032038E+00
-24.07500E-06,+50.25125668E-03,+2.56281409040E+00
-24.05000E-06,+100.50251334E-03,+2.61306534708E+00
-24.02500E-06,+50.25125667E-03,+2.56281409041E+00
-24.00000E-06,+10E-12,+2.41206032038E+00
-23.97500E-06,+0.0E+00,+2.46231157706E+00
-23.95000E-06,+100.50251336E-03,+2.61306534708E+00
-23.92500E-06,+0.0E+00,+2.41206032038E+00
-23.90000E-06,+201.00502669E-03,+2.61306534707E+00
-23.87500E-06,+50.25125668E-03,+2.61306534708E+00
-23.85000E-06,+0.0E+00,+2.61306534708E+00
-23.82500E-06,+201.00502670E-03,+2.41206032038E+00
-23.80000E-06,+0.0E+00,+2.61306534707E+00
-23.77500E-06,+0.0E+00,+2.41206032038E+00
-23.75000E-06,+100.50251334E-03,+2.41206032038E+00
-23.72500E-06,-50.25125667E-03,+2.41206032038E+00
-23.70000E-06,+10E-12,+2.41206032038E+00
-23.67500E-06,+0.0E+00,+2.46231157706E+00
-23.65000E-06,+0.0E+00,+2.41206032038E+00
-23.62500E-06,+0.0E+00,+2.61306534708E+00
-23.60000E-06,+0.0E+00,+2.61306534708E+00
-23.57500E-06,+0.0E+00,+2.61306534708E+00
-23.55000E-06,+0.0E+00,+2.51256283374E+00
-23.52500E-06,-150.75377003E-03,+2.61306534708E+00
-23.50000E-06,+0.0E+00,+2.61306534707E+00
-23.47500E-06,+150.75377001E-03,+2.46231157706E+00
-23.45000E-06,+100.50251336E-03,+2.61306534708E+00
-23.42500E-06,+0.0E+00,+2.41206032038E+00
-23.40000E-06,+10E-12,+2.41206032039E+00
-23.37500E-06,+0.0E+00,+2.61306534708E+00
-23.35000E-06,+0.0E+00,+2.51256283374E+00
-23.32500E-06,+50.25125666E-03,+2.46231157704E+00
-23.30000E-06,+0.0E+00,+2.61306534708E+00
-23.27500E-06,+0.0E+00,+2.41206032038E+00
-23.25000E-06,+0.0E+00,+2.51256283374E+00
-23.22500E-06,+50.25125666E-03,+2.41206032038E+00
-23.20000E-06,+0.0E+00,+2.41206032039E+00
-23.17500E-06,+50.25125669E-03,+2.41206032038E+00
-23.15000E-06,+0.0E+00,+2.61306534708E+00
-23.12500E-06,-50.25125666E-03,+2.46231157704E+00
-23.10000E-06,+201.00502670E-03,+2.41206032039E+00
-23.07500E-06,+0.0E+00,+2.46231157706E+00
-23.05000E-06,+0.0E+00,+2.41206032038E+00
-23.02500E-06,+0.0E+00,+2.61306534708E+00
-23.00000E-06,+0.0E+00,+2.41206032039E+00
-22.97500E-06,+201.00502670E-03,+2.61306534708E+00
-22.95000E-06,+201.00502670E-03,+2.51256283371E+00
-22.92500E-06,+0.0E+00,+2.56281409041E+00
-22.90000E-06,+201.00502668E-03,+2.41206032038E+00
-22.87500E-06,+0.0E+00,+2.61306534708E+00
-22.85000E-06,+100.50251336E-03,+2.41206032038E+00
-22.82500E-06,+0.0E+00,+2.61306534708E+00
-22.80000E-06,+0.0E+00,+2.41206032038E+00
-22.77500E-06,+150.75377001E-03,+2.61306534708E+00
-22.75000E-06,+100.50251336E-03,+2.41206032038E+00
-22.72500E-06,+201.00502670E-03,+2.41206032038E+00
-22.70000E-06,+201.00502670E-03,+2.41206032038E+00
-22.67500E-06,+150.75377001E-03,+2.56281409039E+00
-22.65000E-06,+100.50251336E-03,+2.41206032038E+00
-22.62500E-06,+0.0E+00,+2.41206032038E+00
-22.60000E-06,+0.0E+00,+2.41206032039E+00
-22.57500E-06,+0.0E+00,+2.41206032038E+00
-22.55000E-06,+100.50251336E-03,+2.41206032038E+00
-22.52500E-06,+0.0E+00,+2.56281409042E+00
-22.50000E-06,+0.0E+00,+2.41206032038E+00
-22.47500E-06,+0.0E+00,+2.41206032038E+00
-22.45000E-06,+0.0E+00,+2.51256283374E+00
-22.42500E-06,+0.0E+00,+2.41206032038E+00
-22.40000E-06,+201.00502668E-03,+2.41206032038E+00
-22.37500E-06,+150.75377001E-03,+2.56281409038E+00
-22.35000E-06,+0.0E+00,+2.41206032038E+00
-22.32500E-06,+150.75377004E-03,+2.61306534708E+00
-22.30000E-06,+0.0E+00,+2.61306534708E+00
-22.27500E-06,+0.0E+00,+2.61306534708E+00
-22.25000E-06,+100.50251333E-03,+2.41206032038E+00
-22.22500E-06,+0.0E+00,+2.41206032038E+00
-22.20000E-06,+0.0E+00,+2.61306534708E+00
-22.17500E-06,+50.25125669E-03,+2.61306534708E+00
-22.15000E-06,+100.50251333E-03,+2.41206032038E+00
-22.12500E-06,+0.0E+00,+2.41206032038E+00
-22.10000E-06,+20E-12,+2.61306534706E+00
-22.07500E-06,+150.75377001E-03,+2.41206032038E+00
-22.05000E-06,+100.50251333E-03,+2.61306534708E+00
-22.02500E-06,+0.0E+00,+2.61306534708E+00
-22.00000E-06,+0.0E+00,+2.41206032038E+00
-21.97500E-06,+0.0E+00,+2.41206032038E+00
-21.95000E-06,+100.50251337E-03,+2.61306534708E+00
-21.92500E-06,+0.0E+00,+2.61306534708E+00
-21.90000E-06,+201.00502668E-03,+2.61306534706E+00
-21.87500E-06,+0.0E+00,+2.56281409038E+00
-21.85000E-06,+100.50251337E-03,+2.51256283375E+00
-21.82500E-06,+201.00502670E-03,+2.41206032038E+00
-21.80000E-06,+0.0E+00,+2.61306534708E+00
-21.77500E-06,+50.25125669E-03,+2.41206032038E+00
-21.75000E-06,+100.50251337E-03,+2.51256283375E+00
-21.72500E-06,+50.25125665E-03,+2.56281409042E+00
-21.70000E-06,+0.0E+00,+2.61306534705E+00
-21.67500E-06,+0.0E+00,+2.56281409038E+00
-21.65000E-06,+100.50251337E-03,+2.41206032038E+00
-21.62500E-06,+0.0E+00,+2.61306534708E+00
-21.60000E-06,+201.00502668E-03,+2.61306534708E+00
-21.57500E-06,+201.00502670E-03,+2.41206032038E+00
-21.55000E-06,+0.0E+00,+2.41206032038E+00
-21.52500E-06,+50.25125665E-03,+2.46231157703E+00
-21.50000E-06,+0.0E+00,+2.41206032038E+00
-21.47500E-06,+0.0E+00,+2.46231157707E+00
-21.45000E-06,+0.0E+00,+2.61306534708E+00
-21.42500E-06,+150.75377005E-03,+2.56281409042E+00
-21.40000E-06,+0.0E+00,+2.41206032038E+00
-21.37500E-06,+0.0E+00,+2.46231157707E+00
-21.35000E-06,+0.0E+00,+2.41206032038E+00
-21.32500E-06,+351.75879674E-03,+2.61306534708E+00
-21.30000E-06,+201.00502670E-03,+2.61306534708E+00
-21.27500E-06,+150.75377000E-03,+2.61306534708E+00
-21.25000E-06,+0.0E+00,+2.41206032038E+00
-21.22500E-06,+0.0E+00,+2.56281409042E+00
-21.20000E-06,-20E-12,+2.41206032040E+00
-21.17500E-06,+0.0E+00,+2.41206032038E+00
-21.15000E-06,+0.0E+00,+2.61306534708E+00
-21.12500E-06,+0.0E+00,+2.46231157703E+00
-21.10000E-06,+0.0E+00,+2.61306534708E+00
-21.07500E-06,+150.75377000E-03,+2.61306534708E+00
-21.05000E-06,+100.50251337E-03,+2.61306534708E+00
-21.02500E-06,+0.0E+00,+2.41206032038E+00
-21.00000E-06,+0.0E+00,+2.61306534708E+00
-20.97500E-06,+0.0E+00,+2.56281409038E+00
-20.95000E-06,+0.0E+00,+2.41206032038E+00
-20.92500E-06,+150.75377005E-03,+2.41206032038E+00
-20.90000E-06,+0.0E+00,+2.41206032038E+00
-20.87500E-06,+201.00502670E-03,+2.56281409038E+00
-20.85000E-06,+201.00502670E-03,+2.61306534708E+00
-20.82500E-06,+0.0E+00,+2.41206032038E+00
-20.80000E-06,+0.0E+00,+2.61306534708E+00
-20.77500E-06,+0.0E+00,+2.41206032038E+00
-20.75000E-06,+0.0E+00,+2.61306534708E+00
-20.72500E-06,+0.0E+00,+2.41206032038E+00
-20.70000E-06,+0.0E+00,+2.41206032038E+00
-20.67500E-06,+50.25125670E-03,+2.41206032038E+00
-20.65000E-06,+100.50251332E-03,+2.61306534708E+00
-20.62500E-06,+0.0E+00,+2.61306534708E+00
-20.60000E-06,+201.00502667E-03,+2.61306534708E+00
-20.57500E-06,+0.0E+00,+2.46231157708E+00
-20.55000E-06,+0.0E+00,+2.51256283375E+00
-20.52500E-06,+50.25125665E-03,+2.41206032038E+00
-20.50000E-06,+0.0E+00,+2.41206032041E+00
-20.47500E-06,+50.25125670E-03,+2.46231157708E+00
-20.45000E-06,+100.50251338E-03,+2.61306534708E+00
-20.42500E-06,+201.00502670E-03,+2.41206032038E+00
-20.40000E-06,+0.0E+00,+2.41206032041E+00
-20.37500E-06,-201.00502670E-03,+2.41206032038E+00
-20.35000E-06,+0.0E+00,+2.51256283370E+00
-20.32500E-06,+201.00502670E-03,+2.41206032038E+00
-20.30000E-06,+0.0E+00,+2.41206032041E+00
-20.27500E-06,+150.75376999E-03,+2.41206032038E+00
-20.25000E-06,+100.50251338E-03,+2.51256283370E+00
-20.22500E-06,+0.0E+00,+2.36180906373E+00
-20.20000E-06,+201.00502667E-03,+2.41206032041E+00
-20.17500E-06,+0.0E+00,+2.41206032038E+00
-20.15000E-06,+0.0E+00,+2.41206032038E+00
-20.12500E-06,+0.0E+00,+2.56281409043E+00
-20.10000E-06,+0.0E+00,+2.41206032038E+00
-20.07500E-06,+50.25125670E-03,+2.41206032038E+00
-20.05000E-06,+0.0E+00,+2.51256283370E+00
-20.02500E-06,+50.25125664E-03,+2.56281409043E+00
-20.00000E-06,+10.45226138830E+00,+2.41206032038E+00
-19.97500E-06,+12.26130662858E+00,+2.56281409037E+00
-19.95000E-06,+12.26130662858E+00,+2.61306534708E+00
-19.92500E-06,+12.11055285853E+00,+2.41206032038E+00
-19.90000E-06,+12.26130662858E+00,+2.61306534708E+00
-19.87500E-06,+12.06030160189E+00,+2.41206032038E+00
-19.85000E-06,+11.95979908857E+00,+2.41206032038E+00
-19.82500E-06,+11.65829154849E+00,+2.46231157702E+00
-19.80000E-06,+11.25628149509E+00,+2.61306534708E+00
-19.77500E-06,+11.05527646840E+00,+2.46231157708E+00
-19.75000E-06,+10.95477395502E+00,+2.41206032038E+00
-19.72500E-06,+11.05527646840E+00,+2.41206032038E+00
-19.70000E-06,+11.05527646840E+00,+2.21105529368E+00
-19.67500E-06,+10.85427144170E+00,+2.41206032038E+00
-19.65000E-06,+10.85427144170E+00,+2.41206032038E+00
-19.62500E-06,+10.85427144170E+00,+2.61306534708E+00
-19.60000E-06,+11.05527646836E+00,+2.41206032041E+00
-19.57500E-06,+10.85427144170E+00,+2.41206032038E+00
-19.55000E-06,+10.95477395508E+00,+2.41206032038E+00
-19.52500E-06,+10.90452269834E+00,+2.41206032038E+00
-19.50000E-06,+10.85427144170E+00,+2.61306534704E+00
-19.47500E-06,+11.00502521169E+00,+2.56281409037E+00
-19.45000E-06,+10.95477395508E+00,+2.61306534708E+00
-19.42500E-06,+10.85427144170E+00,+2.41206032038E+00
-19.40000E-06,+10.85427144170E+00,+2.41206032038E+00
-19.37500E-06,+11.05527646840E+00,+2.41206032038E+00
-19.35000E-06,+10.85427144170E+00,+2.51256283376E+00
-19.32500E-06,+10.90452269834E+00,+2.46231157702E+00
-19.30000E-06,+10.85427144170E+00,+2.41206032038E+00
-19.27500E-06,+11.05527646840E+00,+2.41206032038E+00
-19.25000E-06,+11.05527646840E+00,+2.41206032038E+00
-19.22500E-06,+11.00502521176E+00,+2.56281409044E+00
-19.20000E-06,+11.05527646840E+00,+2.41206032038E+00
-19.17500E-06,+11.05527646840E+00,+2.41206032038E+00
-19.15000E-06,+10.85427144170E+00,+2.51256283376E+00
-19.12500E-06,+10.85427144170E+00,+2.41206032038E+00
-19.10000E-06,+11.05527646836E+00,+2.41206032038E+00
-19.07500E-06,+10.90452269841E+00,+2.41206032038E+00
-19.05000E-06,+10.85427144170E+00,+2.41206032038E+00
-19.02500E-06,+11.00502521176E+00,+2.56281409044E+00
-19.00000E-06,+10.65326641504E+00,+2.61306534708E+00
-18.97500E-06,+10.90452269841E+00,+2.46231157709E+00
-18.95000E-06,+10.85427144170E+00,+2.51256283369E+00
-18.92500E-06,+11.05527646840E+00,+2.41206032038E+00
-18.90000E-06,+10.85427144174E+00,+2.41206032038E+00
-18.87500E-06,+10.90452269841E+00,+2.41206032038E+00
-18.85000E-06,+10.85427144170E+00,+2.41206032038E+00
-18.82500E-06,+10.85427144170E+00,+2.41206032038E+00
-18.80000E-06,+10.85427144170E+00,+2.41206032038E+00
-18.77500E-06,+10.90452269841E+00,+2.41206032038E+00
-18.75000E-06,+10.85427144170E+00,+2.51256283369E+00
-18.72500E-06,+10.90452269833E+00,+2.41206032038E+00
-18.70000E-06,+10.85427144170E+00,+2.41206032042E+00
-18.67500E-06,+10.85427144170E+00,+2.61306534708E+00
-18.65000E-06,+10.95477395509E+00,+2.41206032038E+00
-18.62500E-06,+10.85427144170E+00,+2.41206032038E+00
-18.60000E-06,+10.85427144170E+00,+2.41206032038E+00
-18.57500E-06,+10.85427144170E+00,+2.41206032038E+00
-18.55000E-06,+10.85427144170E+00,+2.51256283377E+00
-18.52500E-06,+10.90452269833E+00,+2.41206032038E+00
-18.50000E-06,+11.05527646840E+00,+2.41206032038E+00
-18.47500E-06,+10.85427144170E+00,+2.61306534708E+00
-18.45000E-06,+10.85427144170E+00,+2.41206032038E+00
-18.42500E-06,+10.90452269833E+00,+2.61306534708E+00
-18.40000E-06,+11.05527646840E+00,+2.41206032042E+00
-18.37500E-06,+10.90452269841E+00,+2.61306534708E+00
-18.35000E-06,+10.85427144170E+00,+2.41206032038E+00
-18.32500E-06,+10.90452269833E+00,+2.61306534708E+00
-18.30000E-06,+11.05527646836E+00,+2.41206032038E+00
-18.27500E-06,+11.00502521168E+00,+2.61306534708E+00
-18.25000E-06,+11.05527646840E+00,+2.51256283368E+00
-18.22500E-06,+11.05527646840E+00,+2.46231157701E+00
-18.20000E-06,+10.85427144174E+00,+2.61306534703E+00
-18.17500E-06,+11.05527646840E+00,+2.41206032038E+00
-18.15000E-06,+10.95477395501E+00,+2.41206032038E+00
-18.12500E-06,+11.00502521176E+00,+2.46231157701E+00
-18.10000E-06,+10.85427144170E+00,+2.41206032038E+00
-18.07500E-06,+11.05527646840E+00,+2.41206032038E+00
-18.05000E-06,+10.85427144170E+00,+2.51256283368E+00
-18.02500E-06,+11.05527646840E+00,+2.41206032038E+00
-18.00000E-06,+10.85427144170E+00,+2.41206032038E+00
-17.97500E-06,+11.05527646840E+00,+2.41206032038E+00
-17.95000E-06,+10.85427144170E+00,+2.41206032038E+00
-17.92500E-06,+11.00502521176E+00,+2.61306534708E+00
-17.90000E-06,+10.85427144170E+00,+2.41206032042E+00
-17.87500E-06,+11.00502521168E+00,+2.56281409036E+00
-17.85000E-06,+10.95477395509E+00,+2.31155780698E+00
-17.82500E-06,+11.00502521177E+00,+2.41206032038E+00
-17.80000E-06,+10.85427144170E+00,+2.41206032038E+00
-17.77500E-06,+11.05527646840E+00,+2.41206032038E+00
-17.75000E-06,+10.95477395500E+00,+2.41206032038E+00
-17.72500E-06,+10.85427144170E+00,+2.41206032038E+00
-17.70000E-06,+10.85427144170E+00,+2.41206032042E+00
-17.67500E-06,+10.85427144170E+00,+2.41206032038E+00
-17.65000E-06,+10.85427144170E+00,+2.51256283377E+00
-17.62500E-06,+11.05527646840E+00,+2.41206032038E+00
-17.60000E-06,+11.05527646835E+00,+2.61306534703E+00
-17.57500E-06,+10.90452269842E+00,+2.41206032038E+00
-17.55000E-06,+10.95477395509E+00,+2.51256283377E+00
-17.52500E-06,+10.85427144170E+00,+2.46231157701E+00
-17.50000E-06,+10.85427144170E+00,+2.41206032038E+00
-17.47500E-06,+11.05527646840E+00,+2.41206032038E+00
-17.45000E-06,+11.05527646840E+00,+2.41206032038E+00
-17.42500E-06,+10.90452269833E+00,+2.46231157701E+00
-17.40000E-06,+10.85427144170E+00,+2.41206032038E+00
-17.37500E-06,+10.85427144170E+00,+2.61306534708E+00
-17.35000E-06,+10.85427144170E+00,+2.41206032038E+00
-17.32500E-06,+11.05527646840E+00,+2.41206032038E+00
-17.30000E-06,+11.05527646840E+00,+2.41206032038E+00
-17.27500E-06,+11.00502521167E+00,+2.41206032038E+00
-17.25000E-06,+10.95477395500E+00,+2.41206032038E+00
-17.22500E-06,+10.85427144170E+00,+2.61306534708E+00
-17.20000E-06,+10.85427144175E+00,+2.21105529373E+00
-17.17500E-06,+10.85427144170E+00,+2.41206032038E+00
-17.15000E-06,+10.75376892840E+00,+2.51256283377E+00
-17.12500E-06,+11.05527646840E+00,+2.61306534708E+00
-17.10000E-06,+10.85427144170E+00,+2.41206032038E+00
-17.07500E-06,+11.00502521167E+00,+2.56281409035E+00
-17.05000E-06,+11.05527646840E+00,+2.31155780698E+00
-17.02500E-06,+11.05527646840E+00,+2.41206032038E+00
-17.00000E-06,+603.01508009E-03,+2.41206032038E+00
-16.97500E-06,+50.25125672E-03,+2.41206032038E+00
-16.95000E-06,+0.0E+00,+2.51256283368E+00
-16.92500E-06,+201.00502670E-03,+2.56281409045E+00
-16.90000E-06,+0.0E+00,+2.41206032038E+00
-16.87500E-06,+0.0E+00,+2.41206032038E+00
-16.85000E-06,+201.00502670E-03,+2.41206032038E+00
-16.82500E-06,+50.25125662E-03,+2.41206032038E+00
-16.80000E-06,+0.0E+00,+2.61306534703E+00
-16.77500E-06,+0.0E+00,+2.41206032038E+00
-16.75000E-06,+0.0E+00,+2.41206032038E+00
-16.72500E-06,+201.00502670E-03,+2.41206032038E+00
-16.70000E-06,+0.0E+00,+2.41206032038E+00
-16.67500E-06,+0.0E+00,+2.46231157710E+00
-16.65000E-06,+0.0E+00,+2.41206032038E+00
-16.62500E-06,+0.0E+00,+2.41206032038E+00
-16.60000E-06,+0.0E+00,+2.61306534702E+00
-16.57500E-06,+0.0E+00,+2.41206032038E+00
-16.55000E-06,+0.0E+00,+2.41206032038E+00
-16.52500E-06,+150.75377008E-03,+2.41206032038E+00
-16.50000E-06,+0.0E+00,+2.41206032038E+00
-16.47500E-06,-50.25125673E-03,+2.41206032038E+00
-16.45000E-06,+0.0E+00,+2.51256283378E+00
-16.42500E-06,+0.0E+00,+2.61306534708E+00
-16.40000E-06,+0.0E+00,+2.41206032038E+00
-16.37500E-06,+0.0E+00,+2.56281409035E+00
-16.35000E-06,+0.0E+00,+2.61306534708E+00
-16.32500E-06,+0.0E+00,+2.61306534708E+00
-16.30000E-06,+0.0E+00,+2.61306534708E+00
-16.27500E-06,+0.0E+00,+2.41206032038E+00
-16.25000E-06,+201.00502670E-03,+2.51256283378E+00
-16.22500E-06,-50.25125662E-03,+2.61306534708E+00
-16.20000E-06,+50E-12,+2.61306534708E+00
-16.17500E-06,+150.75376997E-03,+2.61306534708E+00
-16.15000E-06,+100.50251340E-03,+2.61306534708E+00
-16.12500E-06,+0.0E+00,+2.41206032038E+00
-16.10000E-06,+0.0E+00,+2.61306534708E+00
-16.07500E-06,+201.00502670E-03,+2.61306534708E+00
-16.05000E-06,+100.50251340E-03,+2.61306534708E+00
-16.02500E-06,+0.0E+00,+2.56281409046E+00
-16.00000E-06,+201.00502664E-03,+2.61306534708E+00
-15.97500E-06,+50.25125673E-03,+2.61306534708E+00
-15.95000E-06,+0.0E+00,+2.41206032038E+00
-15.92500E-06,-150.75377008E-03,+2.61306534708E+00
-15.90000E-06,+201.00502670E-03,+2.61306534708E+00
-15.87500E-06,+0.0E+00,+2.41206032038E+00
-15.85000E-06,+0.0E+00,+2.51256283367E+00
-15.82500E-06,-150.75377008E-03,+2.56281409046E+00
-15.80000E-06,+201.00502670E-03,+2.61306534702E+00
-15.77500E-06,+201.00502670E-03,+2.61306534708E+00
-15.75000E-06,+0.0E+00,+2.61306534708E+00
-15.72500E-06,+150.75377008E-03,+2.41206032038E+00
-15.70000E-06,+0.0E+00,+2.41206032038E+00
-15.67500E-06,+0.0E+00,+2.56281409034E+00
-15.65000E-06,+100.50251341E-03,+2.41206032038E+00
-15.62500E-06,+0.0E+00,+2.41206032038E+00
-15.60000E-06,+0.0E+00,+2.61306534702E+00
-15.57500E-06,+0.0E+00,+2.41206032038E+00
-15.55000E-06,+0.0E+00,+2.51256283367E+00
-15.52500E-06,+0.0E+00,+2.46231157699E+00
-15.50000E-06,+0.0E+00,+2.61306534708E+00
-15.47500E-06,+0.0E+00,+2.61306534708E+00
-15.45000E-06,+100.50251341E-03,+2.61306534708E+00
-15.42500E-06,+0.0E+00,+2.61306534708E+00
-15.40000E-06,+201.00502670E-03,+2.41206032038E+00
-15.37500E-06,+0.0E+00,+2.61306534708E+00
-15.35000E-06,+100.50251341E-03,+2.61306534708E+00
-15.32500E-06,+50.25125662E-03,+2.61306534708E+00
-15.30000E-06,+0.0E+00,+2.41206032044E+00
-15.27500E-06,+50.25125673E-03,+2.41206032038E+00
-15.25000E-06,+201.00502670E-03,+2.41206032038E+00
-15.22500E-06,+0.0E+00,+2.61306534708E+00
-15.20000E-06,+0.0E+00,+2.61306534708E+00
-15.17500E-06,+201.00502670E-03,+2.61306534708E+00
-15.15000E-06,+201.00502670E-03,+2.41206032038E+00
-15.12500E-06,+50.25125661E-03,+2.66331660369E+00
-15.10000E-06,+201.00502664E-03,+2.41206032044E+00
-15.07500E-06,+0.0E+00,+2.41206032038E+00
-15.05000E-06,+0.0E+00,+2.41206032038E+00
-15.02500E-06,+150.75377009E-03,+2.46231157699E+00
-15.00000E-06,+60E-12,+2.61306534701E+00
-14.97500E-06,+50.25125674E-03,+2.61306534708E+00
-14.95000E-06,+100.50251329E-03,+2.41206032038E+00
-14.92500E-06,+0.0E+00,+2.46231157699E+00
-14.90000E-06,+201.00502670E-03,+2.61306534701E+00
-14.87500E-06,+0.0E+00,+2.46231157711E+00
-14.85000E-06,+100.50251329E-03,+2.51256283379E+00
-14.82500E-06,-201.00502670E-03,+2.56281409046E+00
-14.80000E-06,+60E-12,+2.41206032038E+00
-14.77500E-06,+0.0E+00,+2.41206032038E+00
-14.75000E-06,+0.0E+00,+2.61306534708E+00
-14.72500E-06,+0.0E+00,+2.56281409046E+00
-14.70000E-06,+0.0E+00,+2.41206032038E+00
-14.67500E-06,+150.75376996E-03,+2.61306534708E+00
-14.65000E-06,+100.50251341E-03,+2.41206032038E+00
-14.62500E-06,+0.0E+00,+2.61306534708E+00
-14.60000E-06,+0.0E+00,+2.41206032038E+00
-14.57500E-06,+150.75376996E-03,+2.56281409034E+00
-14.55000E-06,+0.0E+00,+2.51256283379E+00
-14.52500E-06,+50.25125661E-03,+2.41206032038E+00
-14.50000E-06,+0.0E+00,+2.61306534701E+00
-14.47500E-06,+50.25125674E-03,+2.41206032038E+00
-14.45000E-06,+0.0E+00,+2.51256283379E+00
-14.42500E-06,+50.25125661E-03,+2.61306534708E+00
-14.40000E-06,+201.00502663E-03,+2.41206032038E+00
-14.37500E-06,+0.0E+00,+2.41206032038E+00
-14.35000E-06,+0.0E+00,+2.61306534708E+00
-14.32500E-06,+0.0E+00,+2.56281409047E+00
-14.30000E-06,+201.00502670E-03,+2.61306534708E+00
-14.27500E-06,+0.0E+00,+2.61306534708E+00
-14.25000E-06,+0.0E+00,+2.61306534708E+00
-14.22500E-06,+0.0E+00,+2.46231157699E+00
-14.20000E-06,+0.0E+00,+2.41206032038E+00
-14.17500E-06,+201.00502670E-03,+2.46231157712E+00
-14.15000E-06,+0.0E+00,+2.51256283379E+00
-14.12500E-06,+150.75377009E-03,+2.56281409047E+00
-14.10000E-06,+70E-12,+2.61306534708E+00
-14.07500E-06,+150.75376996E-03,+2.46231157712E+00
-14.05000E-06,+0.0E+00,+2.61306534708E+00
-14.02500E-06,+0.0E+00,+2.56281409047E+00
-14.00000E-06,+0.0E+00,+2.41206032044E+00
-13.97500E-06,+0.0E+00,+2.56281409033E+00
-13.95000E-06,+0.0E+00,+2.51256283366E+00
-13.92500E-06,+150.75377009E-03,+2.61306534708E+00
-13.90000E-06,+0.0E+00,+2.61306534708E+00
-13.87500E-06,+150.75376996E-03,+2.46231157712E+00
-13.85000E-06,+0.0E+00,+2.51256283366E+00
-13.82500E-06,+0.0E+00,+2.41206032038E+00
-13.80000E-06,+0.0E+00,+2.61306534701E+00
-13.77500E-06,+0.0E+00,+2.46231157712E+00
-13.75000E-06,+0.0E+00,+2.41206032038E+00
-13.72500E-06,+0.0E+00,+2.46231157698E+00
-13.70000E-06,+0.0E+00,+2.41206032038E+00
-13.67500E-06,+0.0E+00,+2.56281409033E+00
-13.65000E-06,+0.0E+00,+2.51256283380E+00
-13.62500E-06,+0.0E+00,+2.61306534708E+00
-13.60000E-06,+0.0E+00,+2.61306534708E+00
-13.57500E-06,+0.0E+00,+2.41206032038E+00
-13.55000E-06,+0.0E+00,+2.61306534708E+00
-13.52500E-06,+50.25125660E-03,+2.46231157698E+00
-13.50000E-06,+0.0E+00,+2.41206032038E+00
-13.47500E-06,+0.0E+00,+2.41206032038E+00
-13.45000E-06,+100.50251328E-03,+2.61306534708E+00
-13.42500E-06,+0.0E+00,+2.41206032038E+00
-13.40000E-06,+0.0E+00,+2.41206032038E+00
-13.37500E-06,+0.0E+00,+2.61306534708E+00
-13.35000E-06,+0.0E+00,+2.41206032038E+00
-13.32500E-06,+50.25125660E-03,+2.41206032038E+00
-13.30000E-06,+70E-12,+2.61306534708E+00
-13.27500E-06,-50.25125675E-03,+2.41206032038E+00
-13.25000E-06,+0.0E+00,+2.51256283380E+00
-13.22500E-06,+0.0E+00,+2.61306534708E+00
-13.20000E-06,+0.0E+00,+2.41206032038E+00
-13.17500E-06,+0.0E+00,+2.41206032038E+00
-13.15000E-06,+100.50251342E-03,+2.51256283365E+00
-13.12500E-06,+0.0E+00,+2.46231157698E+00
-13.10000E-06,+0.0E+00,+2.41206032038E+00
-13.07500E-06,+150.75376995E-03,+2.41206032038E+00
-13.05000E-06,+100.50251342E-03,+2.41206032038E+00
-13.02500E-06,+0.0E+00,+2.61306534708E+00
-13.00000E-06,+0.0E+00,+2.61306534708E+00
-12.97500E-06,+0.0E+00,+2.41206032038E+00
-12.95000E-06,+0.0E+00,+2.41206032038E+00
-12.92500E-06,+0.0E+00,+2.41206032038E+00
-12.90000E-06,+0.0E+00,+2.41206032038E+00
-12.87500E-06,+50.25125675E-03,+2.56281409033E+00
-12.85000E-06,+100.50251327E-03,+2.61306534708E+00
-12.82500E-06,+0.0E+00,+2.41206032038E+00
-12.80000E-06,+0.0E+00,+2.41206032038E+00
-12.77500E-06,+50.25125675E-03,+2.41206032038E+00
-12.75000E-06,+0.0E+00,+2.41206032038E+00
-12.72500E-06,+50.25125660E-03,+2.36180906378E+00
-12.70000E-06,+0.0E+00,+2.61306534708E+00
-12.67500E-06,+50.25125675E-03,+2.41206032038E+00
-12.65000E-06,+0.0E+00,+2.61306534708E+00
-12.62500E-06,+0.0E+00,+2.61306534708E+00
-12.60000E-06,+0.0E+00,+2.61306534708E+00
-12.57500E-06,+0.0E+00,+2.46231157713E+00
-12.55000E-06,+100.50251327E-03,+2.51256283380E+00
-12.52500E-06,+0.0E+00,+2.61306534708E+00
-12.50000E-06,+0.0E+00,+2.41206032045E+00
-12.47500E-06,+0.0E+00,+2.61306534708E+00
-12.45000E-06,+100.50251343E-03,+2.41206032038E+00
-12.42500E-06,+0.0E+00,+2.41206032038E+00
-12.40000E-06,+0.0E+00,+2.61306534708E+00
-12.37500E-06,+0.0E+00,+2.41206032038E+00
-12.35000E-06,+0.0E+00,+2.41206032038E+00
-12.32500E-06,+150.75377010E-03,+2.41206032038E+00
-12.30000E-06,+0.0E+00,+2.61306534708E+00
-12.27500E-06,+0.0E+00,+2.56281409032E+00
-12.25000E-06,+201.00502670E-03,+2.61306534708E+00
-12.22500E-06,+150.75377010E-03,+2.56281409048E+00
-12.20000E-06,+201.00502670E-03,+2.41206032046E+00
-12.17500E-06,+50.25125675E-03,+2.46231157713E+00
-12.15000E-06,-100.50251343E-03,+2.51256283381E+00
-12.12500E-06,+50.25125660E-03,+2.41206032038E+00
-12.10000E-06,+201.00502670E-03,+2.61306534700E+00
-12.07500E-06,+0.0E+00,+2.41206032038E+00
-12.05000E-06,+0.0E+00,+2.41206032038E+00
-12.02500E-06,+201.00502670E-03,+2.61306534708E+00
-12.00000E-06,+0.0E+00,+2.61306534708E+00
-11.97500E-06,+201.00502670E-03,+2.41206032038E+00
-11.95000E-06,+201.00502670E-03,+2.41206032038E+00
-11.92500E-06,+0.0E+00,+2.61306534708E+00
-11.90000E-06,+201.00502662E-03,+2.41206032038E+00
-11.87500E-06,+0.0E+00,+2.46231157713E+00
-11.85000E-06,+100.50251327E-03,+2.51256283365E+00
-11.82500E-06,+201.00502670E-03,+2.61306534708E+00
-11.80000E-06,+80E-12,+2.61306534708E+00
-11.77500E-06,+0.0E+00,+2.41206032038E+00
-11.75000E-06,+0.0E+00,+2.61306534708E+00
-11.72500E-06,+0.0E+00,+2.56281409048E+00
-11.70000E-06,+0.0E+00,+2.61306534708E+00
-11.67500E-06,+150.75376994E-03,+2.61306534708E+00
-11.65000E-06,+100.50251327E-03,+2.61306534708E+00
-11.62500E-06,+0.0E+00,+2.46231157697E+00
-11.60000E-06,+80E-12,+2.41206032046E+00
-11.57500E-06,+0.0E+00,+2.61306534708E+00
-11.55000E-06,+0.0E+00,+2.61306534708E+00
-11.52500E-06,+150.75377011E-03,+2.41206032038E+00
-11.50000E-06,+201.00502662E-03,+2.61306534708E+00
-11.47500E-06,+0.0E+00,+2.61306534708E+00
-11.45000E-06,+100.50251343E-03,+2.61306534708E+00
-11.42500E-06,-150.75377011E-03,+2.46231157697E+00
-11.40000E-06,+0.0E+00,+2.41206032038E+00
-11.37500E-06,+0.0E+00,+2.41206032038E+00
-11.35000E-06,+0.0E+00,+2.41206032038E+00
-11.32500E-06,+50.25125659E-03,+2.41206032038E+00
-11.30000E-06,+0.0E+00,+2.41206032038E+00
-11.27500E-06,+50.25125676E-03,+2.56281409032E+00
-11.25000E-06,+0.0E+00,+2.41206032038E+00
-11.22500E-06,+0.0E+00,+2.41206032038E+00
-11.20000E-06,+201.00502661E-03,+2.41206032038E+00
-11.17500E-06,+0.0E+00,+2.61306534708E+00
-11.15000E-06,+0.0E+00,+2.41206032038E+00
-11.12500E-06,+0.0E+00,+2.61306534708E+00
-11.10000E-06,+0.0E+00,+2.61306534699E+00
-11.07500E-06,-150.75376994E-03,+2.41206032038E+00
-11.05000E-06,+0.0E+00,+2.41206032038E+00
-11.02500E-06,+0.0E+00,+2.46231157697E+00
-11.00000E-06,+0.0E+00,+2.41206032046E+00
-10.97500E-06,+0.0E+00,+2.46231157714E+00
-10.95000E-06,+0.0E+00,+2.51256283364E+00
-10.92500E-06,+0.0E+00,+2.61306534708E+00
-10.90000E-06,+0.0E+00,+2.61306534708E+00
-10.87500E-06,+0.0E+00,+2.61306534708E+00
-10.85000E-06,+201.00502670E-03,+2.61306534708E+00
-10.82500E-06,+150.75377011E-03,+2.41206032038E+00
-10.80000E-06,+90E-12,+2.61306534708E+00
-10.77500E-06,+201.00502670E-03,+2.36180906362E+00
-10.75000E-06,+100.50251344E-03,+2.41206032038E+00
-10.72500E-06,+0.0E+00,+2.46231157696E+00
-10.70000E-06,+201.00502661E-03,+2.41206032038E+00
-10.67500E-06,+150.75376994E-03,+2.41206032038E+00
-10.65000E-06,+100.50251326E-03,+2.61306534708E+00
-10.62500E-06,+201.00502670E-03,+2.41206032038E+00
-10.60000E-06,+90E-12,+2.61306534708E+00
-10.57500E-06,+0.0E+00,+2.61306534708E+00
-10.55000E-06,+0.0E+00,+2.51256283364E+00
-10.52500E-06,+0.0E+00,+2.41206032038E+00
-10.50000E-06,+0.0E+00,+2.41206032038E+00
-10.47500E-06,+0.0E+00,+2.61306534708E+00
-10.45000E-06,+0.0E+00,+2.41206032038E+00
-10.42500E-06,+0.0E+00,+2.41206032038E+00
-10.40000E-06,+0.0E+00,+2.61306534708E+00
-10.37500E-06,+201.00502670E-03,+2.61306534708E+00
-10.35000E-06,-100.50251326E-03,+2.41206032038E+00
-10.32500E-06,+150.75377011E-03,+2.61306534708E+00
-10.30000E-06,+201.00502661E-03,+2.41206032038E+00
-10.27500E-06,+0.0E+00,+2.41206032038E+00
-10.25000E-06,+100.50251344E-03,+2.61306534708E+00
-10.22500E-06,+50.25125658E-03,+2.46231157696E+00
-10.20000E-06,+90E-12,+2.41206032038E+00
-10.17500E-06,+0.0E+00,+2.41206032038E+00
-10.15000E-06,+100.50251326E-03,+2.61306534708E+00
-10.12500E-06,+0.0E+00,+2.61306534708E+00
-10.10000E-06,+90E-12,+2.41206032038E+00
-10.07500E-06,+201.00502670E-03,+2.41206032038E+00
-10.05000E-06,+100.50251326E-03,+2.61306534708E+00
-10.02500E-06,+201.00502670E-03,+2.61306534708E+00
-10.00000E-06,+10.05025133500E+00,+2.41206032038E+00
-9.97500E-06,+12.06030160189E+00,+2.41206032038E+00
-9.95000E-06,+12.26130662858E+00,+2.41206032038E+00
-9.92500E-06,+12.26130662858E+00,+2.41206032038E+00
-9.90000E-06,+12.26130662858E+00,+2.41206032038E+00
-9.87500E-06,+12.21105537182E+00,+2.61306534708E+00
-9.85000E-06,+12.06030160189E+00,+2.61306534708E+00
-9.82500E-06,+11.65829154849E+00,+2.41206032038E+00
-9.80000E-06,+11.45728652179E+00,+2.61306534698E+00
-9.77500E-06,+11.00502521163E+00,+2.56281409031E+00
-9.75000E-06,+11.05527646840E+00,+2.51256283382E+00
-9.72500E-06,+10.85427144170E+00,+2.41206032038E+00
-9.70000E-06,+10.85427144179E+00,+2.41206032038E+00
-9.67500E-06,+11.05527646840E+00,+2.56281409031E+00
-9.65000E-06,+10.95477395514E+00,+2.41206032038E+00
-9.62500E-06,+11.05527646840E+00,+2.41206032038E+00
-9.60000E-06,+11.05527646830E+00,+2.41206032038E+00
-9.57500E-06,+11.05527646840E+00,+2.41206032038E+00
-9.55000E-06,+10.85427144170E+00,+2.51256283382E+00
-9.52500E-06,+10.85427144170E+00,+2.41206032038E+00
-9.50000E-06,+10.85427144170E+00,+2.61306534708E+00
-9.47500E-06,+11.00502521163E+00,+2.61306534708E+00
-9.45000E-06,+10.95477395514E+00,+2.41206032038E+00
-9.42500E-06,+10.85427144170E+00,+2.41206032038E+00
-9.40000E-06,+11.05527646840E+00,+2.41206032038E+00
-9.37500E-06,+11.05527646840E+00,+2.46231157715E+00
-9.35000E-06,+10.85427144170E+00,+2.41206032038E+00
-9.32500E-06,+11.05527646840E+00,+2.56281409050E+00
-9.30000E-06,+10.85427144170E+00,+2.41206032038E+00
-9.27500E-06,+10.90452269847E+00,+2.41206032038E+00
-9.25000E-06,+10.85427144170E+00,+2.51256283363E+00
-9.22500E-06,+10.85427144170E+00,+2.56281409050E+00
-9.20000E-06,+10.85427144179E+00,+2.41206032038E+00
-9.17500E-06,+10.85427144170E+00,+2.46231157715E+00
-9.15000E-06,+10.85427144170E+00,+2.41206032038E+00
-9.12500E-06,+10.85427144170E+00,+2.56281409050E+00
-9.10000E-06,+11.05527646830E+00,+2.41206032038E+00
-9.07500E-06,+10.85427144170E+00,+2.26130655045E+00
-9.05000E-06,+10.85427144170E+00,+2.41206032038E+00
-9.02500E-06,+10.85427144170E+00,+2.41206032038E+00
-9.00000E-06,+10.85427144170E+00,+2.61306534698E+00
-8.97500E-06,+11.05527646840E+00,+2.41206032038E+00
-8.95000E-06,+10.85427144170E+00,+2.41206032038E+00
-8.92500E-06,+10.90452269827E+00,+2.41206032038E+00
-8.90000E-06,+11.05527646840E+00,+2.41206032038E+00
-8.87500E-06,+11.05527646840E+00,+2.61306534708E+00
-8.85000E-06,+10.85427144170E+00,+2.41206032038E+00
-8.82500E-06,+11.05527646840E+00,+2.41206032038E+00
-8.80000E-06,+11.25628149499E+00,+2.61306534708E+00
-8.77500E-06,+11.05527646840E+00,+2.56281409030E+00
-8.75000E-06,+10.85427144170E+00,+2.41206032038E+00
-8.72500E-06,+10.90452269827E+00,+2.56281409050E+00
-8.70000E-06,+10.85427144180E+00,+2.41206032038E+00
-8.67500E-06,+11.05527646840E+00,+2.46231157715E+00
-8.65000E-06,+10.85427144170E+00,+2.61306534708E+00
-8.62500E-06,+11.05527646840E+00,+2.61306534708E+00
-8.60000E-06,+10.85427144170E+00,+2.41206032038E+00
-8.57500E-06,+10.85427144170E+00,+2.41206032038E+00
-8.55000E-06,+10.95477395495E+00,+2.51256283363E+00
-8.52500E-06,+11.05527646840E+00,+2.41206032038E+00
-8.50000E-06,+10.85427144180E+00,+2.61306534697E+00
-8.47500E-06,+10.90452269847E+00,+2.41206032038E+00
-8.45000E-06,+10.95477395515E+00,+2.61306534708E+00
-8.42500E-06,+10.90452269827E+00,+2.41206032038E+00
-8.40000E-06,+11.05527646840E+00,+2.41206032048E+00
-8.37500E-06,+11.00502521162E+00,+2.41206032038E+00
-8.35000E-06,+10.85427144170E+00,+2.41206032038E+00
-8.32500E-06,+11.05527646840E+00,+2.41206032038E+00
-8.30000E-06,+10.85427144170E+00,+2.61306534708E+00
-8.27500E-06,+10.85427144170E+00,+2.41206032038E+00
-8.25000E-06,+10.95477395515E+00,+2.51256283383E+00
-8.22500E-06,+10.90452269827E+00,+2.41206032038E+00
-8.20000E-06,+10.85427144170E+00,+2.41206032038E+00
-8.17500E-06,+10.85427144170E+00,+2.41206032038E+00
-8.15000E-06,+10.95477395515E+00,+2.41206032038E+00
-8.12500E-06,+11.05527646840E+00,+2.61306534708E+00
-8.10000E-06,+10.85427144170E+00,+2.41206032038E+00
-8.07500E-06,+10.85427144170E+00,+2.56281409030E+00
-8.05000E-06,+10.85427144170E+00,+2.41206032038E+00
-8.02500E-06,+11.05527646840E+00,+2.61306534708E+00
-8.00000E-06,+11.05527646829E+00,+2.41206032038E+00
-7.97500E-06,+10.85427144170E+00,+2.41206032038E+00
-7.95000E-06,+10.85427144170E+00,+2.51256283383E+00
-7.92500E-06,+10.70351767157E+00,+2.56281409051E+00
-7.90000E-06,+11.05527646829E+00,+2.41206032038E+00
-7.87500E-06,+10.85427144170E+00,+2.56281409030E+00
-7.85000E-06,+10.95477395494E+00,+2.41206032038E+00
-7.82500E-06,+11.00502521183E+00,+2.41206032038E+00
-7.80000E-06,+11.05527646840E+00,+2.41206032038E+00
-7.77500E-06,+11.05527646840E+00,+2.46231157716E+00
-7.75000E-06,+11.05527646840E+00,+2.31155780713E+00
-7.72500E-06,+11.00502521183E+00,+2.41206032038E+00
-7.70000E-06,+11.05527646840E+00,+2.41206032048E+00
-7.67500E-06,+10.85427144170E+00,+2.41206032038E+00
-7.65000E-06,+11.05527646840E+00,+2.51256283362E+00
-7.62500E-06,+11.05527646840E+00,+2.41206032038E+00
-7.60000E-06,+10.85427144170E+00,+2.41206032038E+00
-7.57500E-06,+10.85427144170E+00,+2.41206032038E+00
-7.55000E-06,+11.05527646840E+00,+2.41206032038E+00
-7.52500E-06,+10.85427144170E+00,+2.41206032038E+00
-7.50000E-06,+11.05527646840E+00,+2.21105529368E+00
-7.47500E-06,+11.00502521162E+00,+2.41206032038E+00
-7.45000E-06,+11.05527646840E+00,+2.41206032038E+00
-7.42500E-06,+10.85427144170E+00,+2.41206032038E+00
-7.40000E-06,+10.85427144180E+00,+2.41206032038E+00
-7.37500E-06,+11.05527646840E+00,+2.46231157716E+00
-7.35000E-06,+10.95477395494E+00,+2.41206032038E+00
-7.32500E-06,+10.85427144170E+00,+2.41206032038E+00
-7.30000E-06,+11.05527646840E+00,+2.41206032038E+00
-7.27500E-06,+10.85427144170E+00,+2.41206032038E+00
-7.25000E-06,+10.85427144170E+00,+2.41206032038E+00
-7.22500E-06,+10.90452269827E+00,+2.41206032038E+00
-7.20000E-06,+11.05527646840E+00,+2.41206032038E+00
-7.17500E-06,+10.85427144170E+00,+2.41206032038E+00
-7.15000E-06,+11.05527646840E+00,+2.41206032038E+00
-7.12500E-06,+10.85427144170E+00,+2.61306534708E+00
-7.10000E-06,+10.85427144170E+00,+2.41206032038E+00
-7.07500E-06,+10.85427144170E+00,+2.41206032038E+00
-7.05000E-06,+10.95477395494E+00,+2.51256283362E+00
-7.02500E-06,+11.00502521183E+00,+2.41206032038E+00
-7.00000E-06,+11.05527646840E+00,+2.61306534697E+00
-6.97500E-06,+603.01508009E-03,+2.46231157716E+00
-6.95000E-06,+100.50251324E-03,+2.61306534708E+00
-6.92500E-06,+201.00502670E-03,+2.56281409051E+00
-6.90000E-06,+0.0E+00,+2.61306534708E+00
-6.87500E-06,+0.0E+00,+2.41206032038E+00
-6.85000E-06,+0.0E+00,+2.41206032038E+00
-6.82500E-06,+0.0E+00,+2.41206032038E+00
-6.80000E-06,+0.0E+00,+2.41206032038E+00
-6.77500E-06,+0.0E+00,+2.41206032038E+00
-6.75000E-06,-100.50251345E-03,+2.51256283362E+00
-6.72500E-06,+0.0E+00,+2.41206032038E+00
-6.70000E-06,+0.0E+00,+2.41206032038E+00
-6.67500E-06,+150.75376992E-03,+2.41206032038E+00
-6.65000E-06,+100.50251325E-03,+2.51256283362E+00
-6.62500E-06,+150.75377013E-03,+2.41206032038E+00
-6.60000E-06,+201.00502659E-03,+2.41206032038E+00
-6.57500E-06,+150.75376992E-03,+2.41206032038E+00
-6.55000E-06,+0.0E+00,+2.41206032038E+00
-6.52500E-06,+50.25125657E-03,+2.41206032038E+00
-6.50000E-06,+0.0E+00,+2.41206032038E+00
-6.47500E-06,+0.0E+00,+2.61306534708E+00
-6.45000E-06,+0.0E+00,+2.41206032038E+00
-6.42500E-06,+0.0E+00,+2.41206032038E+00
-6.40000E-06,+0.0E+00,+2.61306534708E+00
-6.37500E-06,+150.75376992E-03,+2.41206032038E+00
-6.35000E-06,+0.0E+00,+2.51256283362E+00
-6.32500E-06,+201.00502670E-03,+2.61306534708E+00
-6.30000E-06,+201.00502660E-03,+2.61306534697E+00
-6.27500E-06,+50.25125678E-03,+2.41206032038E+00
-6.25000E-06,+0.0E+00,+2.61306534708E+00
-6.22500E-06,+0.0E+00,+2.61306534708E+00
-6.20000E-06,+0.0E+00,+2.61306534708E+00
-6.17500E-06,+50.25125678E-03,+2.61306534708E+00
-6.15000E-06,+0.0E+00,+2.41206032038E+00
-6.12500E-06,+150.75377013E-03,+2.46231157695E+00
-6.10000E-06,+201.00502670E-03,+2.61306534708E+00
-6.07500E-06,+0.0E+00,+2.61306534708E+00
-6.05000E-06,+0.0E+00,+2.61306534708E+00
-6.02500E-06,+0.0E+00,+2.46231157695E+00
-6.00000E-06,+100E-12,+2.41206032048E+00
-5.97500E-06,+150.75376992E-03,+2.56281409030E+00
-5.95000E-06,+100.50251345E-03,+2.51256283362E+00
-5.92500E-06,+150.75377013E-03,+2.56281409050E+00
-5.90000E-06,+0.0E+00,+2.41206032038E+00
-5.87500E-06,+0.0E+00,+2.61306534708E+00
-5.85000E-06,+0.0E+00,+2.61306534708E+00
-5.82500E-06,+0.0E+00,+2.61306534708E+00
-5.80000E-06,+0.0E+00,+2.41206032048E+00
-5.77500E-06,+150.75376992E-03,+2.61306534708E+00
-5.75000E-06,+0.0E+00,+2.51256283383E+00
-5.72500E-06,+0.0E+00,+2.61306534708E+00
-5.70000E-06,+201.00502660E-03,+2.41206032048E+00
-5.67500E-06,+0.0E+00,+2.56281409030E+00
-5.65000E-06,+0.0E+00,+2.41206032038E+00
-5.62500E-06,+50.25125657E-03,+2.41206032038E+00
-5.60000E-06,+201.00502660E-03,+2.41206032038E+00
-5.57500E-06,+0.0E+00,+2.41206032038E+00
-5.55000E-06,+0.0E+00,+2.61306534708E+00
-5.52500E-06,+0.0E+00,+2.56281409050E+00
-5.50000E-06,+201.00502670E-03,+2.61306534697E+00
-5.47500E-06,+150.75376992E-03,+2.46231157715E+00
-5.45000E-06,+0.0E+00,+2.61306534708E+00
-5.42500E-06,+0.0E+00,+2.41206032038E+00
-5.40000E-06,+0.0E+00,+2.61306534708E+00
-5.37500E-06,+50.25125678E-03,+2.56281409030E+00
-5.35000E-06,+0.0E+00,+2.61306534708E+00
-5.32500E-06,+150.75377012E-03,+2.41206032038E+00
-5.30000E-06,+0.0E+00,+2.61306534708E+00
-5.27500E-06,+0.0E+00,+2.56281409030E+00
-5.25000E-06,+201.00502670E-03,+2.51256283363E+00
-5.22500E-06,+0.0E+00,+2.61306534708E+00
-5.20000E-06,+0.0E+00,+2.41206032038E+00
-5.17500E-06,+0.0E+00,+2.41206032038E+00
-5.15000E-06,+100.50251345E-03,+2.51256283363E+00
-5.12500E-06,+150.75377012E-03,+2.41206032038E+00
-5.10000E-06,+0.0E+00,+2.41206032038E+00
-5.07500E-06,+150.75376992E-03,+2.61306534708E+00
-5.05000E-06,+201.00502670E-03,+2.51256283383E+00
-5.02500E-06,+50.25125657E-03,+2.46231157695E+00
-5.00000E-06,+0.0E+00,+2.41206032038E+00
-4.97500E-06,+201.00502670E-03,+2.61306534708E+00
-4.95000E-06,+0.0E+00,+2.51256283383E+00
-4.92500E-06,+50.25125658E-03,+2.56281409050E+00
-4.90000E-06,+0.0E+00,+2.41206032038E+00
-4.87500E-06,+150.75376992E-03,+2.61306534708E+00
-4.85000E-06,+0.0E+00,+2.51256283383E+00
-4.82500E-06,+0.0E+00,+2.41206032038E+00
-4.80000E-06,+201.00502660E-03,+2.41206032038E+00
-4.77500E-06,+50.25125677E-03,+2.41206032038E+00
-4.75000E-06,+0.0E+00,+2.51256283363E+00
-4.72500E-06,+0.0E+00,+2.41206032038E+00
-4.70000E-06,+0.0E+00,+2.41206032038E+00
-4.67500E-06,+0.0E+00,+2.46231157715E+00
-4.65000E-06,+0.0E+00,+2.41206032038E+00
-4.62500E-06,+201.00502670E-03,+2.41206032038E+00
-4.60000E-06,+201.00502660E-03,+2.61306534708E+00
-4.57500E-06,+0.0E+00,+2.61306534708E+00
-4.55000E-06,+201.00502670E-03,+2.41206032038E+00
-4.52500E-06,+0.0E+00,+2.66331660365E+00
-4.50000E-06,+201.00502670E-03,+2.61306534708E+00
-4.47500E-06,+0.0E+00,+2.61306534708E+00
-4.45000E-06,+0.0E+00,+2.61306534708E+00
-4.42500E-06,+0.0E+00,+2.41206032038E+00
-4.40000E-06,+100E-12,+2.61306534708E+00
-4.37500E-06,+0.0E+00,+2.41206032038E+00
-4.35000E-06,+0.0E+00,+2.51256283363E+00
-4.32500E-06,+150.75377012E-03,+2.61306534708E+00
-4.30000E-06,+100E-12,+2.41206032038E+00
-4.27500E-06,+0.0E+00,+2.41206032038E+00
-4.25000E-06,+100.50251345E-03,+2.51256283363E+00
-4.22500E-06,+150.75377012E-03,+2.56281409050E+00
-4.20000E-06,+0.0E+00,+2.61306534708E+00
-4.17500E-06,+0.0E+00,+2.41206032038E+00
-4.15000E-06,+201.00502670E-03,+2.61306534708E+00
-4.12500E-06,+50.25125658E-03,+2.41206032038E+00
-4.10000E-06,+0.0E+00,+2.41206032038E+00
-4.07500E-06,+0.0E+00,+2.41206032038E+00
-4.05000E-06,+0.0E+00,+2.61306534708E+00
-4.02500E-06,+50.25125658E-03,+2.46231157695E+00
-4.00000E-06,+201.00502660E-03,+2.41206032048E+00
-3.97500E-06,+0.0E+00,+2.61306534708E+00
-3.95000E-06,+0.0E+00,+2.61306534708E+00
-3.92500E-06,+0.0E+00,+2.41206032038E+00
-3.90000E-06,+0.0E+00,+2.41206032047E+00
-3.87500E-06,+50.25125677E-03,+2.46231157715E+00
-3.85000E-06,+0.0E+00,+2.51256283382E+00
-3.82500E-06,+0.0E+00,+2.46231157695E+00
-3.80000E-06,+201.00502670E-03,+2.61306534698E+00
-3.77500E-06,+50.25125677E-03,+2.46231157715E+00
-3.75000E-06,+100.50251325E-03,+2.41206032038E+00
-3.72500E-06,+0.0E+00,+2.61306534708E+00
-3.70000E-06,+201.00502670E-03,+2.61306534698E+00
-3.67500E-06,+201.00502670E-03,+2.61306534708E+00
-3.65000E-06,+100.50251345E-03,+2.51256283363E+00
-3.62500E-06,+150.75377012E-03,+2.41206032038E+00
-3.60000E-06,+100E-12,+2.41206032048E+00
-3.57500E-06,+201.00502670E-03,+2.41206032038E+00
-3.55000E-06,+100.50251345E-03,+2.41206032038E+00
-3.52500E-06,+0.0E+00,+2.41206032038E+00
-3.50000E-06,+0.0E+00,+2.41206032038E+00
-3.47500E-06,+0.0E+00,+2.56281409030E+00
-3.45000E-06,+0.0E+00,+2.61306534708E+00
-3.42500E-06,+150.75377012E-03,+2.56281409050E+00
-3.40000E-06,+0.0E+00,+2.41206032038E+00
-3.37500E-06,+150.75376993E-03,+2.41206032038E+00
-3.35000E-06,+0.0E+00,+2.41206032038E+00
-3.32500E-06,+50.25125658E-03,+2.61306534708E+00
-3.30000E-06,+100E-12,+2.41206032038E+00
-3.27500E-06,+0.0E+00,+2.41206032038E+00
-3.25000E-06,+0.0E+00,+2.61306534708E+00
-3.22500E-06,+50.25125658E-03,+2.61306534708E+00
-3.20000E-06,+201.00502660E-03,+2.41206032038E+00
-3.17500E-06,+0.0E+00,+2.41206032038E+00
-3.15000E-06,+0.0E+00,+2.41206032038E+00
-3.12500E-06,+50.25125658E-03,+2.56281409050E+00
-3.10000E-06,+201.00502670E-03,+2.61306534708E+00
-3.07500E-06,+201.00502670E-03,+2.41206032038E+00
-3.05000E-06,+0.0E+00,+2.61306534708E+00
-3.02500E-06,+50.25125658E-03,+2.46231157695E+00
-3.00000E-06,+0.0E+00,+2.61306534698E+00
-2.97500E-06,+50.25125677E-03,+2.61306534708E+00
-2.95000E-06,+100.50251325E-03,+2.41206032038E+00
-2.92500E-06,+150.75377012E-03,+2.41206032038E+00
-2.90000E-06,+201.00502660E-03,+2.61306534708E+00
-2.87500E-06,+0.0E+00,+2.46231157715E+00
-2.85000E-06,+100.50251325E-03,+2.61306534708E+00
-2.82500E-06,+0.0E+00,+2.56281409050E+00
-2.80000E-06,+0.0E+00,+2.41206032038E+00
-2.77500E-06,+0.0E+00,+2.41206032038E+00
-2.75000E-06,+201.00502670E-03,+2.41206032038E+00
-2.72500E-06,+0.0E+00,+2.46231157695E+00
-2.70000E-06,+201.00502670E-03,+2.41206032038E+00
-2.67500E-06,+150.75376992E-03,+2.61306534708E+00
-2.65000E-06,+0.0E+00,+2.51256283363E+00
-2.62500E-06,+0.0E+00,+2.41206032038E+00
-2.60000E-06,+201.00502670E-03,+2.61306534708E+00
-2.57500E-06,+201.00502670E-03,+2.41206032038E+00
-2.55000E-06,+201.00502670E-03,+2.41206032038E+00
-2.52500E-06,+0.0E+00,+2.46231157695E+00
-2.50000E-06,+201.00502670E-03,+2.41206032038E+00
-2.47500E-06,+0.0E+00,+2.56281409030E+00
-2.45000E-06,+0.0E+00,+2.51256283363E+00
-2.42500E-06,+201.00502670E-03,+2.46231157695E+00
-2.40000E-06,+201.00502670E-03,+2.41206032038E+00
-2.37500E-06,+0.0E+00,+2.61306534708E+00
-2.35000E-06,+0.0E+00,+2.51256283383E+00
-2.32500E-06,+0.0E+00,+2.41206032038E+00
-2.30000E-06,+201.00502660E-03,+2.61306534708E+00
-2.27500E-06,+201.00502670E-03,+2.41206032038E+00
-2.25000E-06,+0.0E+00,+2.51256283363E+00
-2.22500E-06,+201.00502670E-03,+2.41206032038E+00
-2.20000E-06,+201.00502670E-03,+2.41206032038E+00
-2.17500E-06,+0.0E+00,+2.46231157715E+00
-2.15000E-06,+201.00502670E-03,+2.41206032038E+00
-2.12500E-06,+201.00502670E-03,+2.41206032038E+00
-2.10000E-06,+0.0E+00,+2.41206032038E+00
-2.07500E-06,+0.0E+00,+2.61306534708E+00
-2.05000E-06,+0.0E+00,+2.51256283383E+00
-2.02500E-06,+201.00502670E-03,+2.41206032038E+00
-2.00000E-06,+100E-12,+2.41206032048E+00
-1.97500E-06,+201.00502670E-03,+2.61306534708E+00
-1.95000E-06,+201.00502670E-03,+2.41206032038E+00
-1.92500E-06,+0.0E+00,+2.41206032038E+00
-1.90000E-06,+0.0E+00,+2.61306534708E+00
-1.87500E-06,+0.0E+00,+2.41206032038E+00
-1.85000E-06,+100.50251345E-03,+2.51256283383E+00
-1.82500E-06,+0.0E+00,+2.56281409050E+00
-1.80000E-06,+0.0E+00,+2.61306534708E+00
-1.77500E-06,+0.0E+00,+2.41206032038E+00
-1.75000E-06,+0.0E+00,+2.41206032038E+00
-1.72500E-06,+0.0E+00,+2.41206032038E+00
-1.70000E-06,+0.0E+00,+2.61306534708E+00
-1.67500E-06,+0.0E+00,+2.56281409030E+00
-1.65000E-06,+100.50251345E-03,+2.51256283383E+00
-1.62500E-06,+201.00502670E-03,+2.61306534708E+00
-1.60000E-06,+201.00502660E-03,+2.41206032038E+00
-1.57500E-06,+0.0E+00,+2.56281409030E+00
-1.55000E-06,+201.00502670E-03,+2.51256283363E+00
-1.52500E-06,+201.00502670E-03,+2.41206032038E+00
-1.50000E-06,+0.0E+00,+2.61306534708E+00
-1.47500E-06,+0.0E+00,+2.41206032038E+00
-1.45000E-06,+100.50251325E-03,+2.41206032038E+00
-1.42500E-06,+0.0E+00,+2.41206032038E+00
-1.40000E-06,+201.00502660E-03,+2.61306534697E+00
-1.37500E-06,+201.00502670E-03,+2.41206032038E+00
-1.35000E-06,+100.50251325E-03,+2.61306534708E+00
-1.32500E-06,+201.00502670E-03,+2.61306534708E+00
-1.30000E-06,+0.0E+00,+2.61306534708E+00
-1.27500E-06,+201.00502670E-03,+2.61306534708E+00
-1.25000E-06,+0.0E+00,+2.41206032038E+00
-1.22500E-06,+0.0E+00,+2.61306534708E+00
-1.20000E-06,+100E-12,+2.61306534697E+00
-1.17500E-06,+0.0E+00,+2.41206032038E+00
-1.15000E-06,+0.0E+00,+2.51256283383E+00
-1.12500E-06,+50.25125657E-03,+2.56281409050E+00
-1.10000E-06,+100E-12,+2.41206032038E+00
-1.07500E-06,+0.0E+00,+2.46231157715E+00
-1.05000E-06,+0.0E+00,+2.61306534708E+00
-1.02500E-06,+201.00502670E-03,+2.41206032038E+00
-1.00000E-06,+0.0E+00,+2.41206032038E+00
-975.00E-09,+201.00502670E-03,+2.46231157715E+00
-950.00E-09,+100.50251325E-03,+2.41206032038E+00
-925.00E-09,+0.0E+00,+2.61306534708E+00
-900.00E-09,+201.00502660E-03,+2.41206032048E+00
-875.00E-09,+0.0E+00,+2.56281409030E+00
-850.00E-09,+0.0E+00,+2.61306534708E+00
-825.00E-09,+0.0E+00,+2.41206032038E+00
-800.00E-09,+201.00502660E-03,+2.61306534708E+00
-775.00E-09,+201.00502670E-03,+2.41206032038E+00
-750.00E-09,+201.00502670E-03,+2.41206032038E+00
-725.00E-09,+0.0E+00,+2.61306534708E+00
-700.00E-09,+0.0E+00,+2.61306534708E+00
-675.00E-09,+50.25125677E-03,+2.56281409030E+00
-650.00E-09,+0.0E+00,+2.51256283383E+00
-625.00E-09,+50.25125657E-03,+2.46231157695E+00
-600.00E-09,+201.00502670E-03,+2.61306534708E+00
-575.00E-09,+201.00502670E-03,+2.41206032038E+00
-550.00E-09,+0.0E+00,+2.61306534708E+00
-525.00E-09,+150.75377012E-03,+2.61306534708E+00
-500.00E-09,+201.00502670E-03,+2.41206032038E+00
-475.00E-09,+201.00502670E-03,+2.41206032038E+00
-450.00E-09,+0.0E+00,+2.61306534708E+00
-425.00E-09,+0.0E+00,+2.41206032038E+00
-400.00E-09,+0.0E+00,+2.41206032038E+00
-375.00E-09,+0.0E+00,+2.41206032038E+00
-350.00E-09,+0.0E+00,+2.51256283363E+00
-325.00E-09,+0.0E+00,+2.61306534708E+00
-300.00E-09,+0.0E+00,+2.41206032038E+00
-275.00E-09,+201.00502670E-03,+2.56281409030E+00
-250.00E-09,+0.0E+00,+2.41206032038E+00
-225.00E-09,+0.0E+00,+2.61306534708E+00
-200.00E-09,+0.0E+00,+2.41206032048E+00
-175.00E-09,+0.0E+00,+2.56281409030E+00
-150.00E-09,+0.0E+00,+2.41206032038E+00
-125.00E-09,+0.0E+00,+2.46231157695E+00
-100.00E-09,+0.0E+00,+2.61306534698E+00
-75.00E-09,+201.00502670E-03,+2.41206032038E+00
-50.00E-09,+100.50251325E-03,+2.51256283383E+00
-25.00E-09,+50.25125657E-03,+2.56281409050E+00
+0.0E+00,+6.63316588164E+00,+2.61306534708E+00
+25.00E-09,+12.26130662858E+00,+2.56281409030E+00
+50.00E-09,+12.16080411514E+00,+2.31155780693E+00
+75.00E-09,+12.26130662858E+00,+2.46231157695E+00
+100.00E-09,+12.26130662858E+00,+2.61306534708E+00
+125.00E-09,+12.06030160189E+00,+2.41206032038E+00
+150.00E-09,+12.06030160189E+00,+2.41206032038E+00
+175.00E-09,+11.80904531861E+00,+2.61306534708E+00
+200.00E-09,+11.45728652179E+00,+2.41206032038E+00
+225.00E-09,+11.05527646840E+00,+2.41206032038E+00
+250.00E-09,+11.05527646840E+00,+2.51256283363E+00
+275.00E-09,+11.05527646840E+00,+2.41206032038E+00
+300.00E-09,+10.85427144180E+00,+2.41206032038E+00
+325.00E-09,+10.85427144170E+00,+2.41206032038E+00
+350.00E-09,+10.85427144170E+00,+2.51256283363E+00
+375.00E-09,+11.05527646840E+00,+2.41206032038E+00
+400.00E-09,+11.05527646840E+00,+2.41206032048E+00
+425.00E-09,+11.05527646840E+00,+2.61306534708E+00
+450.00E-09,+10.85427144170E+00,+2.41206032038E+00
+475.00E-09,+10.85427144170E+00,+2.41206032038E+00
+500.00E-09,+11.05527646830E+00,+2.41206032038E+00
+525.00E-09,+10.85427144170E+00,+2.46231157715E+00
+550.00E-09,+10.85427144170E+00,+2.41206032038E+00
+575.00E-09,+10.85427144170E+00,+2.41206032038E+00
+600.00E-09,+10.85427144170E+00,+2.41206032038E+00
+625.00E-09,+11.00502521162E+00,+2.41206032038E+00
+650.00E-09,+10.85427144170E+00,+2.51256283383E+00
+675.00E-09,+11.05527646840E+00,+2.46231157695E+00
+700.00E-09,+11.05527646830E+00,+2.41206032038E+00
+725.00E-09,+10.80402018492E+00,+2.41206032038E+00
+750.00E-09,+11.05527646840E+00,+2.51256283383E+00
+775.00E-09,+11.05527646840E+00,+2.41206032038E+00
+800.00E-09,+10.85427144170E+00,+2.41206032038E+00
+825.00E-09,+11.05527646840E+00,+2.41206032038E+00
+850.00E-09,+11.05527646840E+00,+2.51256283363E+00
+875.00E-09,+10.85427144170E+00,+2.46231157695E+00
+900.00E-09,+11.05527646830E+00,+2.61306534708E+00
+925.00E-09,+11.05527646840E+00,+2.41206032038E+00
+950.00E-09,+10.95477395515E+00,+2.51256283363E+00
+975.00E-09,+11.05527646840E+00,+2.46231157695E+00
+1.00000E-06,+10.85427144170E+00,+2.41206032038E+00
+1.02500E-06,+10.90452269847E+00,+2.41206032038E+00
+1.05000E-06,+11.05527646840E+00,+2.41206032038E+00
+1.07500E-06,+11.00502521182E+00,+2.46231157695E+00
+1.10000E-06,+10.85427144180E+00,+2.61306534698E+00
+1.12500E-06,+11.05527646840E+00,+2.41206032038E+00
+1.15000E-06,+11.05527646840E+00,+2.61306534708E+00
+1.17500E-06,+11.05527646840E+00,+2.56281409050E+00
+1.20000E-06,+10.85427144170E+00,+2.41206032038E+00
+1.22500E-06,+11.05527646840E+00,+2.41206032038E+00
+1.25000E-06,+10.85427144170E+00,+2.41206032038E+00
+1.27500E-06,+11.05527646840E+00,+2.41206032038E+00
+1.30000E-06,+10.85427144170E+00,+2.41206032038E+00
+1.32500E-06,+11.00502521162E+00,+2.46231157715E+00
+1.35000E-06,+10.95477395515E+00,+2.61306534708E+00
+1.37500E-06,+10.85427144170E+00,+2.46231157695E+00
+1.40000E-06,+10.85427144170E+00,+2.41206032038E+00
+1.42500E-06,+10.85427144170E+00,+2.41206032038E+00
+1.45000E-06,+10.85427144170E+00,+2.41206032038E+00
+1.47500E-06,+10.85427144170E+00,+2.41206032038E+00
+1.50000E-06,+10.85427144170E+00,+2.41206032038E+00
+1.52500E-06,+11.00502521162E+00,+2.41206032038E+00
+1.55000E-06,+10.95477395515E+00,+2.61306534708E+00
+1.57500E-06,+11.05527646840E+00,+2.41206032038E+00
+1.60000E-06,+11.05527646830E+00,+2.41206032038E+00
+1.62500E-06,+11.00502521162E+00,+2.61306534708E+00
+1.65000E-06,+10.85427144170E+00,+2.41206032038E+00
+1.67500E-06,+10.85427144170E+00,+2.56281409050E+00
+1.70000E-06,+11.05527646840E+00,+2.41206032038E+00
+1.72500E-06,+11.05527646840E+00,+2.41206032038E+00
+1.75000E-06,+10.95477395515E+00,+2.41206032038E+00
+1.77500E-06,+10.85427144170E+00,+2.61306534708E+00
+1.80000E-06,+11.05527646840E+00,+2.41206032038E+00
+1.82500E-06,+10.90452269847E+00,+2.56281409030E+00
+1.85000E-06,+10.85427144170E+00,+2.41206032038E+00
+1.87500E-06,+10.90452269827E+00,+2.41206032038E+00
+1.90000E-06,+10.85427144170E+00,+2.41206032038E+00
+1.92500E-06,+10.85427144170E+00,+2.41206032038E+00
+1.95000E-06,+11.05527646840E+00,+2.41206032038E+00
+1.97500E-06,+10.90452269827E+00,+2.41206032038E+00
+2.00000E-06,+11.05527646840E+00,+2.41206032048E+00
+2.02500E-06,+11.05527646840E+00,+2.41206032038E+00
+2.05000E-06,+10.95477395495E+00,+2.41206032038E+00
+2.07500E-06,+10.90452269827E+00,+2.41206032038E+00
+2.10000E-06,+10.85427144170E+00,+2.41206032038E+00
+2.12500E-06,+10.85427144170E+00,+2.41206032038E+00
+2.15000E-06,+11.05527646840E+00,+2.41206032038E+00
+2.17500E-06,+10.85427144170E+00,+2.41206032038E+00
+2.20000E-06,+11.05527646840E+00,+2.41206032038E+00
+2.22500E-06,+10.90452269847E+00,+2.41206032038E+00
+2.25000E-06,+10.95477395515E+00,+2.41206032038E+00
+2.27500E-06,+11.05527646840E+00,+2.41206032038E+00
+2.30000E-06,+10.85427144170E+00,+2.41206032038E+00
+2.32500E-06,+11.00502521162E+00,+2.41206032038E+00
+2.35000E-06,+10.85427144170E+00,+2.51256283383E+00
+2.37500E-06,+10.90452269827E+00,+2.41206032038E+00
+2.40000E-06,+11.05527646830E+00,+2.41206032038E+00
+2.42500E-06,+10.85427144170E+00,+2.41206032038E+00
+2.45000E-06,+10.95477395515E+00,+2.51256283383E+00
+2.47500E-06,+10.85427144170E+00,+2.61306534708E+00
+2.50000E-06,+10.85427144170E+00,+2.41206032038E+00
+2.52500E-06,+11.05527646840E+00,+2.41206032038E+00
+2.55000E-06,+11.15577898185E+00,+2.41206032038E+00
+2.57500E-06,+11.05527646840E+00,+2.46231157695E+00
+2.60000E-06,+10.85427144170E+00,+2.41206032038E+00
+2.62500E-06,+10.85427144170E+00,+2.41206032038E+00
+2.65000E-06,+10.95477395495E+00,+2.41206032038E+00
+2.67500E-06,+11.05527646840E+00,+2.41206032038E+00
+2.70000E-06,+10.85427144180E+00,+2.61306534697E+00
+2.72500E-06,+11.05527646840E+00,+2.61306534708E+00
+2.75000E-06,+11.05527646840E+00,+2.51256283363E+00
+2.77500E-06,+10.85427144170E+00,+2.41206032038E+00
+2.80000E-06,+11.05527646829E+00,+2.41206032038E+00
+2.82500E-06,+10.85427144170E+00,+2.41206032038E+00
+2.85000E-06,+10.85427144170E+00,+2.61306534708E+00
+2.87500E-06,+10.85427144170E+00,+2.41206032038E+00
+2.90000E-06,+10.85427144180E+00,+2.61306534697E+00
+2.92500E-06,+11.00502521162E+00,+2.46231157715E+00
+2.95000E-06,+10.95477395494E+00,+2.41206032038E+00
+2.97500E-06,+10.85427144170E+00,+2.41206032038E+00
+3.00000E-06,+10.85427144170E+00,+2.41206032038E+00
+3.02500E-06,+201.00502670E-03,+2.41206032038E+00
+3.05000E-06,+201.00502670E-03,+2.41206032038E+00
+3.07500E-06,+50.25125657E-03,+2.41206032038E+00
+3.10000E-06,+0.0E+00,+2.41206032048E+00
+3.12500E-06,+150.75376992E-03,+2.61306534708E+00
+3.15000E-06,+0.0E+00,+2.41206032038E+00
+3.17500E-06,+50.25125657E-03,+2.46231157695E+00
+3.20000E-06,+0.0E+00,+2.61306534708E+00
+3.22500E-06,+0.0E+00,+2.61306534708E+00
+3.25000E-06,+100.50251325E-03,+2.51256283362E+00
+3.27500E-06,+0.0E+00,+2.41206032038E+00
+3.30000E-06,+0.0E+00,+2.61306534708E+00
+3.32500E-06,+50.25125678E-03,+2.41206032038E+00
+3.35000E-06,+0.0E+00,+2.51256283383E+00
+3.37500E-06,+0.0E+00,+2.56281409050E+00
+3.40000E-06,+0.0E+00,+2.61306534708E+00
+3.42500E-06,+0.0E+00,+2.41206032038E+00
+3.45000E-06,+201.00502670E-03,+2.41206032038E+00
+3.47500E-06,+0.0E+00,+2.61306534708E+00
+3.50000E-06,+0.0E+00,+2.41206032048E+00
+3.52500E-06,+50.25125678E-03,+2.46231157715E+00
+3.55000E-06,+0.0E+00,+2.51256283383E+00
+3.57500E-06,+0.0E+00,+2.41206032038E+00
+3.60000E-06,+0.0E+00,+2.61306534697E+00
+3.62500E-06,+0.0E+00,+2.61306534708E+00
+3.65000E-06,+0.0E+00,+2.41206032038E+00
+3.67500E-06,+0.0E+00,+2.46231157695E+00
+3.70000E-06,+0.0E+00,+2.61306534697E+00
+3.72500E-06,+201.00502670E-03,+2.56281409030E+00
+3.75000E-06,+0.0E+00,+2.51256283362E+00
+3.77500E-06,-150.75377013E-03,+2.61306534708E+00
+3.80000E-06,+201.00502670E-03,+2.61306534697E+00
+3.82500E-06,+201.00502670E-03,+2.46231157716E+00
+3.85000E-06,+201.00502670E-03,+2.61306534708E+00
+3.87500E-06,+0.0E+00,+2.41206032038E+00
+3.90000E-06,+201.00502659E-03,+2.61306534697E+00
+3.92500E-06,+0.0E+00,+2.56281409030E+00
+3.95000E-06,+0.0E+00,+2.61306534708E+00
+3.97500E-06,+0.0E+00,+2.61306534708E+00
+4.00000E-06,+201.00502670E-03,+2.61306534708E+00
+4.02500E-06,+0.0E+00,+2.61306534708E+00
+4.05000E-06,+0.0E+00,+2.61306534708E+00
+4.07500E-06,+0.0E+00,+2.61306534708E+00
+4.10000E-06,+0.0E+00,+2.41206032048E+00
+4.12500E-06,-150.75376992E-03,+2.46231157715E+00
+4.15000E-06,+0.0E+00,+2.51256283362E+00
+4.17500E-06,+0.0E+00,+2.61306534708E+00
+4.20000E-06,+100E-12,+2.41206032048E+00
+4.22500E-06,+50.25125678E-03,+2.61306534708E+00
+4.25000E-06,+0.0E+00,+2.61306534708E+00
+4.27500E-06,+201.00502670E-03,+2.61306534708E+00
+4.30000E-06,+0.0E+00,+2.41206032038E+00
+4.32500E-06,+0.0E+00,+2.56281409030E+00
+4.35000E-06,+201.00502670E-03,+2.61306534708E+00
+4.37500E-06,+0.0E+00,+2.41206032038E+00
+4.40000E-06,+0.0E+00,+2.61306534708E+00
+4.42500E-06,+150.75376992E-03,+2.41206032038E+00
+4.45000E-06,-100.50251325E-03,+2.41206032038E+00
+4.47500E-06,+0.0E+00,+2.61306534708E+00
+4.50000E-06,+201.00502670E-03,+2.61306534708E+00
+4.52500E-06,+201.00502670E-03,+2.41206032038E+00
+4.55000E-06,+201.00502670E-03,+2.61306534708E+00
+4.57500E-06,+201.00502670E-03,+2.61306534708E+00
+4.60000E-06,+0.0E+00,+2.41206032048E+00
+4.62500E-06,+0.0E+00,+2.56281409030E+00
+4.65000E-06,+100.50251345E-03,+2.41206032038E+00
+4.67500E-06,+0.0E+00,+2.61306534708E+00
+4.70000E-06,+0.0E+00,+2.61306534708E+00
+4.72500E-06,+0.0E+00,+2.56281409030E+00
+4.75000E-06,+0.0E+00,+2.41206032038E+00
+4.77500E-06,+50.25125657E-03,+2.41206032038E+00
+4.80000E-06,+201.00502660E-03,+2.61306534708E+00
+4.82500E-06,+0.0E+00,+2.41206032038E+00
+4.85000E-06,+0.0E+00,+2.61306534708E+00
+4.87500E-06,+0.0E+00,+2.61306534708E+00
+4.90000E-06,+201.00502670E-03,+2.41206032048E+00
+4.92500E-06,+0.0E+00,+2.61306534708E+00
+4.95000E-06,+100.50251325E-03,+2.41206032038E+00
+4.97500E-06,+0.0E+00,+2.61306534708E+00
+5.00000E-06,+0.0E+00,+2.41206032048E+00
+5.02500E-06,+201.00502670E-03,+2.56281409030E+00
+5.05000E-06,+0.0E+00,+2.41206032038E+00
+5.07500E-06,+201.00502670E-03,+2.61306534708E+00
+5.10000E-06,+100E-12,+2.41206032038E+00
+5.12500E-06,+0.0E+00,+2.46231157715E+00
+5.15000E-06,+100.50251345E-03,+2.41206032038E+00
+5.17500E-06,+0.0E+00,+2.61306534708E+00
+5.20000E-06,+0.0E+00,+2.41206032048E+00
+5.22500E-06,+0.0E+00,+2.41206032038E+00
+5.25000E-06,+0.0E+00,+2.41206032038E+00
+5.27500E-06,+150.75377012E-03,+2.61306534708E+00
+5.30000E-06,+201.00502670E-03,+2.61306534717E+00
+5.32500E-06,+0.0E+00,+2.61306534708E+00
+5.35000E-06,+0.0E+00,+2.61306534708E+00
+5.37500E-06,+150.75377012E-03,+2.56281409050E+00
+5.40000E-06,+100E-12,+2.61306534708E+00
+5.42500E-06,+201.00502670E-03,+2.46231157715E+00
+5.45000E-06,+100.50251345E-03,+2.61306534708E+00
+5.47500E-06,+201.00502670E-03,+2.41206032038E+00
+5.50000E-06,+0.0E+00,+2.61306534708E+00
+5.52500E-06,+0.0E+00,+2.56281409030E+00
+5.55000E-06,+0.0E+00,+2.61306534708E+00
+5.57500E-06,+50.25125658E-03,+2.61306534708E+00
+5.60000E-06,+201.00502660E-03,+2.61306534708E+00
+5.62500E-06,+0.0E+00,+2.61306534708E+00
+5.65000E-06,+100.50251325E-03,+2.61306534708E+00
+5.67500E-06,+0.0E+00,+2.61306534708E+00
+5.70000E-06,+201.00502670E-03,+2.61306534708E+00
+5.72500E-06,+0.0E+00,+2.46231157715E+00
+5.75000E-06,+201.00502670E-03,+2.41206032038E+00
+5.77500E-06,+201.00502670E-03,+2.46231157695E+00
+5.80000E-06,+201.00502670E-03,+2.61306534698E+00
+5.82500E-06,+0.0E+00,+2.61306534708E+00
+5.85000E-06,+100.50251325E-03,+2.51256283363E+00
+5.87500E-06,+201.00502670E-03,+2.41206032038E+00
+5.90000E-06,+201.00502670E-03,+2.61306534708E+00
+5.92500E-06,+0.0E+00,+2.41206032038E+00
+5.95000E-06,+0.0E+00,+2.51256283363E+00
+5.97500E-06,+0.0E+00,+2.61306534708E+00
+6.00000E-06,+0.0E+00,+2.61306534698E+00
+6.02500E-06,+150.75376993E-03,+2.61306534708E+00
+6.05000E-06,+100.50251345E-03,+2.41206032038E+00
+6.07500E-06,+0.0E+00,+2.61306534708E+00
+6.10000E-06,+0.0E+00,+2.61306534708E+00
+6.12500E-06,+0.0E+00,+2.41206032038E+00
+6.15000E-06,+100.50251345E-03,+2.61306534708E+00
+6.17500E-06,+201.00502670E-03,+2.41206032038E+00
+6.20000E-06,+100E-12,+2.41206032038E+00
+6.22500E-06,+150.75376993E-03,+2.61306534708E+00
+6.25000E-06,+0.0E+00,+2.41206032038E+00
+6.27500E-06,+0.0E+00,+2.41206032038E+00
+6.30000E-06,+0.0E+00,+2.41206032038E+00
+6.32500E-06,+0.0E+00,+2.56281409030E+00
+6.35000E-06,+0.0E+00,+2.41206032038E+00
+6.37500E-06,+50.25125658E-03,+2.41206032038E+00
+6.40000E-06,+201.00502660E-03,+2.61306534708E+00
+6.42500E-06,+0.0E+00,+2.61306534708E+00
+6.45000E-06,+0.0E+00,+2.61306534708E+00
+6.47500E-06,+150.75377012E-03,+2.61306534708E+00
+6.50000E-06,+0.0E+00,+2.61306534708E+00
+6.52500E-06,+50.25125677E-03,+2.46231157715E+00
+6.55000E-06,+201.00502670E-03,+2.51256283363E+00
+6.57500E-06,+201.00502670E-03,+2.41206032038E+00
+6.60000E-06,+0.0E+00,+2.41206032038E+00
+6.62500E-06,+0.0E+00,+2.46231157715E+00
+6.65000E-06,+0.0E+00,+2.41206032038E+00
+6.67500E-06,+0.0E+00,+2.46231157696E+00
+6.70000E-06,+0.0E+00,+2.41206032038E+00
+6.72500E-06,+201.00502670E-03,+2.56281409030E+00
+6.75000E-06,+0.0E+00,+2.41206032038E+00
+6.77500E-06,+150.75377012E-03,+2.56281409050E+00
+6.80000E-06,+100E-12,+2.41206032047E+00
+6.82500E-06,-50.25125677E-03,+2.46231157715E+00
+6.85000E-06,+0.0E+00,+2.41206032038E+00
+6.87500E-06,+0.0E+00,+2.61306534708E+00
+6.90000E-06,+100E-12,+2.41206032047E+00
+6.92500E-06,+0.0E+00,+2.61306534708E+00
+6.95000E-06,+0.0E+00,+2.51256283382E+00
+6.97500E-06,+0.0E+00,+2.61306534708E+00
+7.00000E-06,+100E-12,+2.41206032047E+00
+7.02500E-06,-201.00502670E-03,+2.56281409030E+00
+7.05000E-06,+100.50251345E-03,+2.51256283382E+00
+7.07500E-06,+0.0E+00,+2.41206032038E+00
+7.10000E-06,+201.00502660E-03,+2.41206032047E+00
+7.12500E-06,+0.0E+00,+2.56281409031E+00
+7.15000E-06,+0.0E+00,+2.41206032038E+00
+7.17500E-06,+50.25125658E-03,+2.61306534708E+00
+7.20000E-06,+0.0E+00,+2.61306534698E+00
+7.22500E-06,+0.0E+00,+2.56281409031E+00
+7.25000E-06,+0.0E+00,+2.61306534708E+00
+7.27500E-06,+0.0E+00,+2.61306534708E+00
+7.30000E-06,+100E-12,+2.41206032038E+00
+7.32500E-06,+0.0E+00,+2.56281409031E+00
+7.35000E-06,+100.50251325E-03,+2.51256283363E+00
+7.37500E-06,+0.0E+00,+2.41206032038E+00
+7.40000E-06,+201.00502670E-03,+2.41206032047E+00
+7.42500E-06,+0.0E+00,+2.61306534708E+00
+7.45000E-06,+0.0E+00,+2.51256283382E+00
+7.47500E-06,+201.00502670E-03,+2.61306534708E+00
+7.50000E-06,+0.0E+00,+2.61306534708E+00
+7.52500E-06,+201.00502670E-03,+2.41206032038E+00
+7.55000E-06,+100.50251325E-03,+2.61306534708E+00
+7.57500E-06,+0.0E+00,+2.56281409050E+00
+7.60000E-06,+90E-12,+2.41206032047E+00
+7.62500E-06,+0.0E+00,+2.41206032038E+00
+7.65000E-06,+100.50251344E-03,+2.41206032038E+00
+7.67500E-06,+0.0E+00,+2.41206032038E+00
+7.70000E-06,+100E-12,+2.41206032047E+00
+7.72500E-06,+150.75376993E-03,+2.46231157715E+00
+7.75000E-06,+0.0E+00,+2.51256283363E+00
+7.77500E-06,+201.00502670E-03,+2.61306534708E+00
+7.80000E-06,+201.00502660E-03,+2.41206032038E+00
+7.82500E-06,+150.75376993E-03,+2.61306534708E+00
+7.85000E-06,+201.00502670E-03,+2.51256283363E+00
+7.87500E-06,+201.00502670E-03,+2.61306534708E+00
+7.90000E-06,+201.00502660E-03,+2.41206032047E+00
+7.92500E-06,+50.25125677E-03,+2.56281409030E+00
+7.95000E-06,+0.0E+00,+2.41206032038E+00
+7.97500E-06,+0.0E+00,+2.41206032038E+00
+8.00000E-06,+0.0E+00,+2.61306534708E+00
+8.02500E-06,+150.75376993E-03,+2.56281409030E+00
+8.05000E-06,+100.50251345E-03,+2.41206032038E+00
+8.07500E-06,-201.00502670E-03,+2.41206032038E+00
+8.10000E-06,+201.00502660E-03,+2.41206032038E+00
+8.12500E-06,+201.00502670E-03,+2.41206032038E+00
+8.15000E-06,+100.50251325E-03,+2.51256283382E+00
+8.17500E-06,+0.0E+00,+2.61306534708E+00
+8.20000E-06,+0.0E+00,+2.61306534708E+00
+8.22500E-06,+0.0E+00,+2.41206032038E+00
+8.25000E-06,+100.50251325E-03,+2.51256283363E+00
+8.27500E-06,+201.00502670E-03,+2.61306534708E+00
+8.30000E-06,+201.00502670E-03,+2.61306534698E+00
+8.32500E-06,+0.0E+00,+2.56281409030E+00
+8.35000E-06,+0.0E+00,+2.51256283363E+00
+8.37500E-06,+201.00502670E-03,+2.61306534708E+00
+8.40000E-06,+0.0E+00,+2.41206032038E+00
+8.42500E-06,+0.0E+00,+2.41206032038E+00
+8.45000E-06,+0.0E+00,+2.51256283363E+00
+8.47500E-06,+0.0E+00,+2.41206032038E+00
+8.50000E-06,+0.0E+00,+2.61306534708E+00
+8.52500E-06,+150.75376992E-03,+2.56281409030E+00
+8.55000E-06,+100.50251325E-03,+2.61306534708E+00
+8.57500E-06,+150.75377012E-03,+2.41206032038E+00
+8.60000E-06,+0.0E+00,+2.61306534708E+00
+8.62500E-06,+150.75376992E-03,+2.61306534708E+00
+8.65000E-06,+100.50251345E-03,+2.51256283383E+00
+8.67500E-06,+150.75377012E-03,+2.41206032038E+00
+8.70000E-06,+0.0E+00,+2.61306534697E+00
+8.72500E-06,+201.00502670E-03,+2.61306534708E+00
+8.75000E-06,+0.0E+00,+2.61306534708E+00
+8.77500E-06,+0.0E+00,+2.56281409050E+00
+8.80000E-06,+0.0E+00,+2.41206032038E+00
+8.82500E-06,+150.75376992E-03,+2.56281409030E+00
+8.85000E-06,+0.0E+00,+2.41206032038E+00
+8.87500E-06,+0.0E+00,+2.61306534708E+00
+8.90000E-06,+201.00502660E-03,+2.41206032038E+00
+8.92500E-06,+201.00502670E-03,+2.41206032038E+00
+8.95000E-06,+0.0E+00,+2.41206032038E+00
+8.97500E-06,+201.00502670E-03,+2.46231157695E+00
+9.00000E-06,+201.00502670E-03,+2.61306534697E+00
+9.02500E-06,+201.00502670E-03,+2.41206032038E+00
+9.05000E-06,+201.00502670E-03,+2.41206032038E+00
+9.07500E-06,+50.25125657E-03,+2.41206032038E+00
+9.10000E-06,+201.00502670E-03,+2.41206032038E+00
+9.12500E-06,+0.0E+00,+2.46231157716E+00
+9.15000E-06,+100.50251325E-03,+2.61306534708E+00
+9.17500E-06,+0.0E+00,+2.56281409050E+00
+9.20000E-06,+0.0E+00,+2.41206032048E+00
+9.22500E-06,+0.0E+00,+2.41206032038E+00
+9.25000E-06,+0.0E+00,+2.51256283383E+00
+9.27500E-06,+0.0E+00,+2.61306534708E+00
+9.30000E-06,+110E-12,+2.41206032048E+00
+9.32500E-06,+150.75376992E-03,+2.41206032038E+00
+9.35000E-06,+201.00502670E-03,+2.51256283383E+00
+9.37500E-06,+0.0E+00,+2.41206032038E+00
+9.40000E-06,+201.00502670E-03,+2.41206032048E+00
+9.42500E-06,+150.75376992E-03,+2.61306534708E+00
+9.45000E-06,+0.0E+00,+2.61306534708E+00
+9.47500E-06,+0.0E+00,+2.41206032038E+00
+9.50000E-06,+201.00502659E-03,+2.41206032038E+00
+9.52500E-06,+201.00502670E-03,+2.41206032038E+00
+9.55000E-06,+100.50251346E-03,+2.41206032038E+00
+9.57500E-06,+50.25125657E-03,+2.46231157695E+00
+9.60000E-06,+201.00502670E-03,+2.61306534708E+00
+9.62500E-06,+0.0E+00,+2.46231157716E+00
+9.65000E-06,+0.0E+00,+2.61306534708E+00
+9.67500E-06,+0.0E+00,+2.56281409051E+00
+9.70000E-06,+201.00502670E-03,+2.21105529368E+00
+9.72500E-06,+0.0E+00,+2.56281409029E+00
+9.75000E-06,+100.50251346E-03,+2.51256283383E+00
+9.77500E-06,+0.0E+00,+2.41206032038E+00
+9.80000E-06,+0.0E+00,+2.41206032049E+00
+9.82500E-06,+0.0E+00,+2.61306534708E+00
+9.85000E-06,+100.50251324E-03,+2.51256283383E+00
+9.87500E-06,+150.75377013E-03,+2.41206032038E+00
+9.90000E-06,+0.0E+00,+2.41206032038E+00
+9.92500E-06,+201.00502670E-03,+2.61306534708E+00
+9.95000E-06,+0.0E+00,+2.61306534708E+00
+9.97500E-06,+0.0E+00,+2.46231157694E+00
+10.00000E-06,+1.40703518743E+00,+2.41206032038E+00
+10.02500E-06,+12.26130662858E+00,+2.41206032038E+00
+10.05000E-06,+12.26130662858E+00,+2.61306534708E+00
+10.07500E-06,+12.21105537202E+00,+2.41206032038E+00
+10.10000E-06,+12.06030160189E+00,+2.61306534697E+00
+10.12500E-06,+12.11055285867E+00,+2.46231157716E+00
+10.15000E-06,+11.95979908865E+00,+2.61306534708E+00
+10.17500E-06,+11.85929657519E+00,+2.46231157694E+00
+10.20000E-06,+11.45728652179E+00,+2.61306534708E+00
+10.22500E-06,+11.20603023831E+00,+2.61306534708E+00
+10.25000E-06,+10.95477395516E+00,+2.41206032038E+00
+10.27500E-06,+10.85427144170E+00,+2.41206032038E+00
+10.30000E-06,+11.05527646840E+00,+2.41206032038E+00
+10.32500E-06,+11.00502521161E+00,+2.26130655046E+00
+10.35000E-06,+10.95477395516E+00,+2.41206032038E+00
+10.37500E-06,+10.90452269826E+00,+2.61306534708E+00
+10.40000E-06,+11.05527646829E+00,+2.61306534708E+00
+10.42500E-06,+11.05527646840E+00,+2.61306534708E+00
+10.45000E-06,+10.85427144170E+00,+2.51256283384E+00
+10.47500E-06,+11.05527646840E+00,+2.41206032038E+00
+10.50000E-06,+11.25628149498E+00,+2.41206032049E+00
+10.52500E-06,+11.05527646840E+00,+2.61306534708E+00
+10.55000E-06,+10.85427144170E+00,+2.41206032038E+00
+10.57500E-06,+10.85427144170E+00,+2.41206032038E+00
+10.60000E-06,+10.85427144170E+00,+2.41206032038E+00
+10.62500E-06,+11.00502521161E+00,+2.61306534708E+00
+10.65000E-06,+11.05527646840E+00,+2.41206032038E+00
+10.67500E-06,+11.05527646840E+00,+2.41206032038E+00
+10.70000E-06,+10.85427144170E+00,+2.61306534708E+00
+10.72500E-06,+10.85427144170E+00,+2.41206032038E+00
+10.75000E-06,+10.85427144170E+00,+2.41206032038E+00
+10.77500E-06,+10.85427144170E+00,+2.41206032038E+00
+10.80000E-06,+10.85427144181E+00,+2.41206032038E+00
+10.82500E-06,+10.85427144170E+00,+2.41206032038E+00
+10.85000E-06,+10.95477395493E+00,+2.41206032038E+00
+10.87500E-06,+10.85427144170E+00,+2.41206032038E+00
+10.90000E-06,+10.85427144170E+00,+2.61306534708E+00
+10.92500E-06,+11.00502521161E+00,+2.46231157717E+00
+10.95000E-06,+10.95477395493E+00,+2.51256283361E+00
+10.97500E-06,+10.85427144170E+00,+2.46231157694E+00
+11.00000E-06,+10.85427144170E+00,+2.41206032038E+00
+11.02500E-06,+10.85427144170E+00,+2.61306534708E+00
+11.05000E-06,+10.85427144170E+00,+2.61306534708E+00
+11.07500E-06,+11.00502521184E+00,+2.41206032038E+00
+11.10000E-06,+10.85427144170E+00,+2.41206032038E+00
+11.12500E-06,+10.85427144170E+00,+2.41206032038E+00
+11.15000E-06,+10.95477395493E+00,+2.51256283384E+00
+11.17500E-06,+10.90452269826E+00,+2.61306534708E+00
+11.20000E-06,+10.85427144182E+00,+2.61306534696E+00
+11.22500E-06,+11.05527646840E+00,+2.41206032038E+00
+11.25000E-06,+10.85427144170E+00,+2.51256283384E+00
+11.27500E-06,+10.90452269826E+00,+2.41206032038E+00
+11.30000E-06,+10.85427144170E+00,+2.41206032038E+00
+11.32500E-06,+10.85427144170E+00,+2.41206032038E+00
+11.35000E-06,+10.85427144170E+00,+2.41206032038E+00
+11.37500E-06,+10.80402018514E+00,+2.41206032038E+00
+11.40000E-06,+10.85427144170E+00,+2.41206032038E+00
+11.42500E-06,+10.85427144170E+00,+2.46231157717E+00
+11.45000E-06,+10.95477395493E+00,+2.51256283361E+00
+11.47500E-06,+11.00502521184E+00,+2.41206032038E+00
+11.50000E-06,+10.85427144194E+00,+2.41206032038E+00
+11.52500E-06,+10.85427144170E+00,+2.41206032038E+00
+11.55000E-06,+10.95477395493E+00,+2.51256283384E+00
+11.57500E-06,+11.05527646840E+00,+2.41206032038E+00
+11.60000E-06,+10.85427144170E+00,+2.61306534708E+00
+11.62500E-06,+10.90452269849E+00,+2.56281409028E+00
+11.65000E-06,+10.85427144170E+00,+2.41206032038E+00
+11.67500E-06,+11.05527646840E+00,+2.61306534708E+00
+11.70000E-06,+10.85427144182E+00,+2.41206032038E+00
+11.72500E-06,+11.00502521160E+00,+2.41206032038E+00
+11.75000E-06,+10.95477395517E+00,+2.41206032038E+00
+11.77500E-06,+11.00502521184E+00,+2.56281409052E+00
+11.80000E-06,+11.05527646840E+00,+2.61306534696E+00
+11.82500E-06,+11.00502521160E+00,+2.41206032038E+00
+11.85000E-06,+11.05527646840E+00,+2.41206032038E+00
+11.87500E-06,+10.85427144170E+00,+2.41206032038E+00
+11.90000E-06,+10.85427144182E+00,+2.41206032038E+00
+11.92500E-06,+11.05527646840E+00,+2.56281409028E+00
+11.95000E-06,+11.05527646840E+00,+2.51256283385E+00
+11.97500E-06,+11.05527646840E+00,+2.56281409052E+00
+12.00000E-06,+11.05527646827E+00,+2.41206032038E+00
+12.02500E-06,+10.90452269849E+00,+2.41206032038E+00
+12.05000E-06,+10.85427144170E+00,+2.51256283385E+00
+12.07500E-06,+10.85427144170E+00,+2.61306534708E+00
+12.10000E-06,+11.05527646827E+00,+2.61306534708E+00
+12.12500E-06,+10.90452269850E+00,+2.61306534708E+00
+12.15000E-06,+10.85427144170E+00,+2.51256283360E+00
+12.17500E-06,+10.85427144170E+00,+2.41206032038E+00
+12.20000E-06,+10.85427144170E+00,+2.41206032038E+00
+12.22500E-06,+10.85427144170E+00,+2.41206032038E+00
+12.25000E-06,+10.95477395492E+00,+2.61306534708E+00
+12.27500E-06,+10.85427144170E+00,+2.41206032038E+00
+12.30000E-06,+11.05527646840E+00,+2.41206032038E+00
+12.32500E-06,+11.05527646840E+00,+2.41206032038E+00
+12.35000E-06,+10.85427144170E+00,+2.41206032038E+00
+12.37500E-06,+11.05527646840E+00,+2.61306534708E+00
+12.40000E-06,+10.85427144170E+00,+2.41206032038E+00
+12.42500E-06,+10.85427144170E+00,+2.41206032038E+00
+12.45000E-06,+10.95477395517E+00,+2.51256283360E+00
+12.47500E-06,+10.90452269825E+00,+2.41206032038E+00
+12.50000E-06,+11.05527646840E+00,+2.41206032038E+00
+12.52500E-06,+10.85427144170E+00,+2.41206032038E+00
+12.55000E-06,+11.05527646840E+00,+2.61306534708E+00
+12.57500E-06,+10.85427144170E+00,+2.41206032038E+00
+12.60000E-06,+10.85427144170E+00,+2.41206032038E+00
+12.62500E-06,+10.80402018490E+00,+2.41206032038E+00
+12.65000E-06,+10.85427144170E+00,+2.41206032038E+00
+12.67500E-06,+10.85427144170E+00,+2.41206032038E+00
+12.70000E-06,+10.85427144170E+00,+2.41206032038E+00
+12.72500E-06,+11.00502521160E+00,+2.41206032038E+00
+12.75000E-06,+10.85427144170E+00,+2.41206032038E+00
+12.77500E-06,+10.90452269825E+00,+2.61306534708E+00
+12.80000E-06,+10.85427144170E+00,+2.41206032038E+00
+12.82500E-06,+10.85427144170E+00,+2.61306534708E+00
+12.85000E-06,+10.85427144170E+00,+2.61306534708E+00
+12.87500E-06,+10.90452269825E+00,+2.41206032038E+00
+12.90000E-06,+11.05527646827E+00,+2.41206032038E+00
+12.92500E-06,+10.90452269850E+00,+2.41206032038E+00
+12.95000E-06,+10.85427144170E+00,+2.31155780690E+00
+12.97500E-06,+10.85427144170E+00,+2.41206032038E+00
+13.00000E-06,+10.85427144170E+00,+2.41206032038E+00
+13.02500E-06,+603.01508009E-03,+2.41206032038E+00
+13.05000E-06,+100.50251322E-03,+2.51256283385E+00
+13.07500E-06,+50.25125655E-03,+2.61306534708E+00
+13.10000E-06,+201.00502657E-03,+2.41206032038E+00
+13.12500E-06,+0.0E+00,+2.41206032038E+00
+13.15000E-06,+0.0E+00,+2.41206032038E+00
+13.17500E-06,+150.75377015E-03,+2.41206032038E+00
+13.20000E-06,+0.0E+00,+2.41206032038E+00
+13.22500E-06,+0.0E+00,+2.41206032038E+00
+13.25000E-06,+0.0E+00,+2.41206032038E+00
+13.27500E-06,-150.75377015E-03,+2.56281409053E+00
+13.30000E-06,+0.0E+00,+2.61306534708E+00
+13.32500E-06,+0.0E+00,+2.56281409027E+00
+13.35000E-06,+201.00502670E-03,+2.51256283360E+00
+13.37500E-06,+0.0E+00,+2.41206032038E+00
+13.40000E-06,+0.0E+00,+2.61306534708E+00
+13.42500E-06,+0.0E+00,+2.41206032038E+00
+13.45000E-06,+0.0E+00,+2.41206032038E+00
+13.47500E-06,+0.0E+00,+2.46231157692E+00
+13.50000E-06,+201.00502657E-03,+2.41206032038E+00
+13.52500E-06,+201.00502670E-03,+2.41206032038E+00
+13.55000E-06,+0.0E+00,+2.51256283386E+00
+13.57500E-06,+201.00502670E-03,+2.41206032038E+00
+13.60000E-06,+0.0E+00,+2.61306534694E+00
+13.62500E-06,+50.25125681E-03,+2.46231157718E+00
+13.65000E-06,+100.50251348E-03,+2.51256283386E+00
+13.67500E-06,+50.25125654E-03,+2.46231157692E+00
+13.70000E-06,+0.0E+00,+2.61306534708E+00
+13.72500E-06,-150.75376989E-03,+2.46231157718E+00
+13.75000E-06,+100.50251322E-03,+2.41206032038E+00
+13.77500E-06,+0.0E+00,+2.61306534708E+00
+13.80000E-06,+0.0E+00,+2.61306534708E+00
+13.82500E-06,+150.75376989E-03,+2.61306534708E+00
+13.85000E-06,+0.0E+00,+2.51256283359E+00
+13.87500E-06,+0.0E+00,+2.61306534708E+00
+13.90000E-06,+0.0E+00,+2.41206032038E+00
+13.92500E-06,+0.0E+00,+2.61306534708E+00
+13.95000E-06,+0.0E+00,+2.61306534708E+00
+13.97500E-06,+0.0E+00,+2.61306534708E+00
+14.00000E-06,+130E-12,+2.41206032051E+00
+14.02500E-06,+0.0E+00,+2.41206032038E+00
+14.05000E-06,+0.0E+00,+2.61306534708E+00
+14.07500E-06,+0.0E+00,+2.61306534708E+00
+14.10000E-06,+201.00502670E-03,+2.61306534708E+00
+14.12500E-06,+0.0E+00,+2.56281409027E+00
+14.15000E-06,+0.0E+00,+2.51256283359E+00
+14.17500E-06,+150.75377016E-03,+2.61306534708E+00
+14.20000E-06,+201.00502656E-03,+2.61306534708E+00
+14.22500E-06,-50.25125681E-03,+2.61306534708E+00
+14.25000E-06,+0.0E+00,+2.51256283359E+00
+14.27500E-06,+0.0E+00,+2.41206032038E+00
+14.30000E-06,+0.0E+00,+2.61306534708E+00
+14.32500E-06,+50.25125681E-03,+2.61306534708E+00
+14.35000E-06,+0.0E+00,+2.61306534708E+00
+14.37500E-06,+201.00502670E-03,+2.41206032038E+00
+14.40000E-06,+0.0E+00,+2.61306534694E+00
+14.42500E-06,+0.0E+00,+2.56281409026E+00
+14.45000E-06,+0.0E+00,+2.61306534708E+00
+14.47500E-06,+0.0E+00,+2.56281409054E+00
+14.50000E-06,+0.0E+00,+2.61306534708E+00
+14.52500E-06,+50.25125681E-03,+2.61306534708E+00
+14.55000E-06,+0.0E+00,+2.61306534708E+00
+14.57500E-06,+0.0E+00,+2.46231157691E+00
+14.60000E-06,+0.0E+00,+2.61306534708E+00
+14.62500E-06,+0.0E+00,+2.61306534708E+00
+14.65000E-06,+0.0E+00,+2.51256283386E+00
+14.67500E-06,+0.0E+00,+2.61306534708E+00
+14.70000E-06,+0.0E+00,+2.61306534708E+00
+14.72500E-06,+50.25125681E-03,+2.41206032038E+00
+14.75000E-06,+0.0E+00,+2.61306534708E+00
+14.77500E-06,+0.0E+00,+2.41206032038E+00
+14.80000E-06,+0.0E+00,+2.61306534708E+00
+14.82500E-06,+0.0E+00,+2.61306534708E+00
+14.85000E-06,+0.0E+00,+2.41206032038E+00
+14.87500E-06,+0.0E+00,+2.61306534708E+00
+14.90000E-06,+0.0E+00,+2.61306534708E+00
+14.92500E-06,+0.0E+00,+2.61306534708E+00
+14.95000E-06,+0.0E+00,+2.61306534708E+00
+14.97500E-06,+150.75377016E-03,+2.61306534708E+00
+15.00000E-06,+0.0E+00,+2.41206032052E+00
+15.02500E-06,+50.25125681E-03,+2.61306534708E+00
+15.05000E-06,+100.50251349E-03,+2.61306534708E+00
+15.07500E-06,+50.25125653E-03,+2.61306534708E+00
+15.10000E-06,+0.0E+00,+2.41206032038E+00
+15.12500E-06,+0.0E+00,+2.41206032038E+00
+15.15000E-06,+201.00502670E-03,+2.61306534708E+00
+15.17500E-06,+0.0E+00,+2.41206032038E+00
+15.20000E-06,+0.0E+00,+2.41206032038E+00
+15.22500E-06,+0.0E+00,+2.56281409026E+00
+15.25000E-06,+0.0E+00,+2.41206032038E+00
+15.27500E-06,+0.0E+00,+2.61306534708E+00
+15.30000E-06,+201.00502670E-03,+2.41206032052E+00
+15.32500E-06,+0.0E+00,+2.61306534708E+00
+15.35000E-06,+0.0E+00,+2.51256283358E+00
+15.37500E-06,+50.25125653E-03,+2.41206032038E+00
+15.40000E-06,+140E-12,+2.41206032052E+00
+15.42500E-06,+0.0E+00,+2.56281409026E+00
+15.45000E-06,+201.00502670E-03,+2.51256283358E+00
+15.47500E-06,+201.00502670E-03,+2.41206032038E+00
+15.50000E-06,+0.0E+00,+2.61306534708E+00
+15.52500E-06,+0.0E+00,+2.41206032038E+00
+15.55000E-06,+0.0E+00,+2.41206032038E+00
+15.57500E-06,+150.75377017E-03,+2.56281409054E+00
+15.60000E-06,+140E-12,+2.61306534708E+00
+15.62500E-06,+0.0E+00,+2.41206032038E+00
+15.65000E-06,+0.0E+00,+2.41206032038E+00
+15.67500E-06,+150.75377017E-03,+2.61306534708E+00
+15.70000E-06,+0.0E+00,+2.41206032052E+00
+15.72500E-06,+0.0E+00,+2.61306534708E+00
+15.75000E-06,+0.0E+00,+2.61306534708E+00
+15.77500E-06,+150.75377017E-03,+2.41206032038E+00
+15.80000E-06,+0.0E+00,+2.61306534708E+00
+15.82500E-06,+50.25125682E-03,+2.46231157720E+00
+15.85000E-06,+0.0E+00,+2.51256283387E+00
+15.87500E-06,+150.75377017E-03,+2.41206032038E+00
+15.90000E-06,+140E-12,+2.61306534708E+00
+15.92500E-06,+0.0E+00,+2.46231157720E+00
+15.95000E-06,+201.00502670E-03,+2.61306534708E+00
+15.97500E-06,+50.25125653E-03,+2.61306534708E+00
+16.00000E-06,+0.0E+00,+2.61306534708E+00
+16.02500E-06,+201.00502670E-03,+2.61306534708E+00
+16.05000E-06,+0.0E+00,+2.61306534708E+00
+16.07500E-06,+0.0E+00,+2.46231157691E+00
+16.10000E-06,+0.0E+00,+2.61306534708E+00
+16.12500E-06,+201.00502670E-03,+2.46231157720E+00
+16.15000E-06,+0.0E+00,+2.41206032038E+00
+16.17500E-06,+0.0E+00,+2.61306534708E+00
+16.20000E-06,+201.00502670E-03,+2.41206032038E+00
+16.22500E-06,+0.0E+00,+2.61306534708E+00
+16.25000E-06,+0.0E+00,+2.51256283387E+00
+16.27500E-06,+150.75377017E-03,+2.46231157690E+00
+16.30000E-06,+0.0E+00,+2.61306534708E+00
+16.32500E-06,+0.0E+00,+2.61306534708E+00
+16.35000E-06,+0.0E+00,+2.61306534708E+00
+16.37500E-06,+150.75377017E-03,+2.61306534708E+00
+16.40000E-06,+150E-12,+2.61306534693E+00
+16.42500E-06,+150.75376987E-03,+2.41206032038E+00
+16.45000E-06,+201.00502670E-03,+2.41206032038E+00
+16.47500E-06,+150.75377017E-03,+2.56281409055E+00
+16.50000E-06,+150E-12,+2.41206032053E+00
+16.52500E-06,+201.00502670E-03,+2.56281409025E+00
+16.55000E-06,+201.00502670E-03,+2.61306534708E+00
+16.57500E-06,+0.0E+00,+2.41206032038E+00
+16.60000E-06,+201.00502670E-03,+2.61306534708E+00
+16.62500E-06,+0.0E+00,+2.46231157720E+00
+16.65000E-06,+0.0E+00,+2.51256283358E+00
+16.67500E-06,+50.25125653E-03,+2.41206032038E+00
+16.70000E-06,+0.0E+00,+2.41206032038E+00
+16.72500E-06,+150.75376987E-03,+2.41206032038E+00
+16.75000E-06,+0.0E+00,+2.61306534708E+00
+16.77500E-06,+50.25125652E-03,+2.61306534708E+00
+16.80000E-06,+0.0E+00,+2.41206032038E+00
+16.82500E-06,+0.0E+00,+2.61306534708E+00
+16.85000E-06,+100.50251350E-03,+2.51256283358E+00
+16.87500E-06,+201.00502670E-03,+2.41206032038E+00
+16.90000E-06,+0.0E+00,+2.41206032038E+00
+16.92500E-06,+201.00502670E-03,+2.61306534708E+00
+16.95000E-06,+0.0E+00,+2.41206032038E+00
+16.97500E-06,+0.0E+00,+2.41206032038E+00
+17.00000E-06,+0.0E+00,+2.61306534692E+00
+17.02500E-06,+0.0E+00,+2.41206032038E+00
+17.05000E-06,+201.00502670E-03,+2.61306534708E+00
+17.07500E-06,+150.75377018E-03,+2.56281409055E+00
+17.10000E-06,+201.00502655E-03,+2.41206032038E+00
+17.12500E-06,+0.0E+00,+2.61306534708E+00
+17.15000E-06,+0.0E+00,+2.41206032038E+00
+17.17500E-06,+0.0E+00,+2.56281409055E+00
+17.20000E-06,+0.0E+00,+2.41206032038E+00
+17.22500E-06,+0.0E+00,+2.41206032038E+00
+17.25000E-06,+0.0E+00,+2.51256283357E+00
+17.27500E-06,+0.0E+00,+2.61306534708E+00
+17.30000E-06,+0.0E+00,+2.61306534708E+00
+17.32500E-06,+150.75376987E-03,+2.56281409025E+00
+17.35000E-06,+201.00502670E-03,+2.51256283357E+00
+17.37500E-06,+150.75377018E-03,+2.41206032038E+00
+17.40000E-06,+0.0E+00,+2.61306534692E+00
+17.42500E-06,+0.0E+00,+2.41206032038E+00
+17.45000E-06,+0.0E+00,+2.51256283388E+00
+17.47500E-06,+0.0E+00,+2.56281409056E+00
+17.50000E-06,+0.0E+00,+2.61306534692E+00
+17.52500E-06,+0.0E+00,+2.61306534708E+00
+17.55000E-06,+0.0E+00,+2.41206032038E+00
+17.57500E-06,+0.0E+00,+2.46231157690E+00
+17.60000E-06,+0.0E+00,+2.61306534708E+00
+17.62500E-06,+150.75376987E-03,+2.56281409025E+00
+17.65000E-06,+100.50251350E-03,+2.51256283388E+00
+17.67500E-06,+201.00502670E-03,+2.61306534708E+00
+17.70000E-06,+0.0E+00,+2.61306534708E+00
+17.72500E-06,+50.25125683E-03,+2.46231157721E+00
+17.75000E-06,+100.50251319E-03,+2.51256283388E+00
+17.77500E-06,+0.0E+00,+2.41206032038E+00
+17.80000E-06,+0.0E+00,+2.41206032038E+00
+17.82500E-06,+0.0E+00,+2.41206032038E+00
+17.85000E-06,+0.0E+00,+2.41206032038E+00
+17.87500E-06,+150.75377018E-03,+2.46231157689E+00
+17.90000E-06,+0.0E+00,+2.41206032038E+00
+17.92500E-06,+0.0E+00,+2.61306534708E+00
+17.95000E-06,+0.0E+00,+2.51256283388E+00
+17.97500E-06,+0.0E+00,+2.56281409056E+00
+18.00000E-06,+0.0E+00,+2.61306534708E+00
+18.02500E-06,+0.0E+00,+2.41206032038E+00
+18.05000E-06,+201.00502670E-03,+2.41206032038E+00
+18.07500E-06,+0.0E+00,+2.61306534708E+00
+18.10000E-06,+201.00502670E-03,+2.41206032038E+00
+18.12500E-06,+150.75376987E-03,+2.56281409024E+00
+18.15000E-06,+0.0E+00,+2.61306534708E+00
+18.17500E-06,+201.00502670E-03,+2.61306534708E+00
+18.20000E-06,+0.0E+00,+2.61306534708E+00
+18.22500E-06,+0.0E+00,+2.61306534708E+00
+18.25000E-06,+100.50251351E-03,+2.61306534708E+00
+18.27500E-06,+0.0E+00,+2.41206032038E+00
+18.30000E-06,+0.0E+00,+2.61306534691E+00
+18.32500E-06,+0.0E+00,+2.41206032038E+00
+18.35000E-06,+100.50251351E-03,+2.51256283389E+00
+18.37500E-06,+0.0E+00,+2.61306534708E+00
+18.40000E-06,+201.00502670E-03,+2.61306534691E+00
+18.42500E-06,+0.0E+00,+2.41206032038E+00
+18.45000E-06,+100.50251351E-03,+2.51256283357E+00
+18.47500E-06,+50.25125651E-03,+2.46231157689E+00
+18.50000E-06,+201.00502654E-03,+2.61306534708E+00
+18.52500E-06,+0.0E+00,+2.46231157721E+00
+18.55000E-06,+100.50251319E-03,+2.51256283389E+00
+18.57500E-06,+50.25125651E-03,+2.41206032038E+00
+18.60000E-06,+0.0E+00,+2.41206032038E+00
+18.62500E-06,+0.0E+00,+2.61306534708E+00
+18.65000E-06,+0.0E+00,+2.61306534708E+00
+18.67500E-06,+0.0E+00,+2.46231157689E+00
+18.70000E-06,+201.00502670E-03,+2.61306534708E+00
+18.72500E-06,+201.00502670E-03,+2.56281409024E+00
+18.75000E-06,+100.50251319E-03,+2.61306534708E+00
+18.77500E-06,+201.00502670E-03,+2.61306534708E+00
+18.80000E-06,+201.00502670E-03,+2.41206032038E+00
+18.82500E-06,+0.0E+00,+2.41206032038E+00
+18.85000E-06,+0.0E+00,+2.51256283389E+00
+18.87500E-06,+50.25125651E-03,+2.46231157689E+00
+18.90000E-06,+0.0E+00,+2.61306534708E+00
+18.92500E-06,+150.75376986E-03,+2.41206032038E+00
+18.95000E-06,+100.50251351E-03,+2.41206032038E+00
+18.97500E-06,+150.75377019E-03,+2.61306534708E+00
+19.00000E-06,+160E-12,+2.41206032054E+00
+19.02500E-06,+150.75376986E-03,+2.61306534708E+00
+19.05000E-06,+201.00502670E-03,+2.41206032038E+00
+19.07500E-06,+0.0E+00,+2.41206032038E+00
+19.10000E-06,+0.0E+00,+2.41206032038E+00
+19.12500E-06,+0.0E+00,+2.41206032038E+00
+19.15000E-06,+0.0E+00,+2.51256283389E+00
+19.17500E-06,+0.0E+00,+2.61306534708E+00
+19.20000E-06,+0.0E+00,+2.41206032038E+00
+19.22500E-06,+150.75376986E-03,+2.61306534708E+00
+19.25000E-06,+0.0E+00,+2.51256283389E+00
+19.27500E-06,+0.0E+00,+2.61306534708E+00
+19.30000E-06,+201.00502653E-03,+2.41206032054E+00
+19.32500E-06,+0.0E+00,+2.41206032038E+00
+19.35000E-06,+201.00502670E-03,+2.51256283389E+00
+19.37500E-06,+0.0E+00,+2.61306534708E+00
+19.40000E-06,+0.0E+00,+2.61306534708E+00
+19.42500E-06,+50.25125684E-03,+2.46231157722E+00
+19.45000E-06,+0.0E+00,+2.61306534708E+00
+19.47500E-06,+0.0E+00,+2.61306534708E+00
+19.50000E-06,+201.00502670E-03,+2.41206032054E+00
+19.52500E-06,+0.0E+00,+2.46231157722E+00
+19.55000E-06,+0.0E+00,+2.41206032038E+00
+19.57500E-06,+0.0E+00,+2.41206032038E+00
+19.60000E-06,+201.00502670E-03,+2.61306534708E+00
+19.62500E-06,+50.25125684E-03,+2.41206032038E+00
+19.65000E-06,+201.00502670E-03,+2.61306534708E+00
+19.67500E-06,+0.0E+00,+2.41206032038E+00
+19.70000E-06,+0.0E+00,+2.41206032055E+00
+19.72500E-06,+0.0E+00,+2.61306534708E+00
+19.75000E-06,+201.00502670E-03,+2.51256283390E+00
+19.77500E-06,+0.0E+00,+2.46231157688E+00
+19.80000E-06,+0.0E+00,+2.41206032038E+00
+19.82500E-06,+0.0E+00,+2.41206032038E+00
+19.85000E-06,+0.0E+00,+2.51256283390E+00
+19.87500E-06,+0.0E+00,+2.41206032038E+00
+19.90000E-06,+0.0E+00,+2.61306534708E+00
+19.92500E-06,+150.75376985E-03,+2.61306534708E+00
+19.95000E-06,+0.0E+00,+2.61306534708E+00
+19.97500E-06,+50.25125650E-03,+2.61306534708E+00
+20.00000E-06,+402.01005374E-03,+2.61306534708E+00
+20.02500E-06,+12.26130662858E+00,+2.46231157722E+00
+20.05000E-06,+12.26130662858E+00,+2.61306534708E+00
+20.07500E-06,+12.26130662858E+00,+2.41206032038E+00
+20.10000E-06,+12.26130662858E+00,+2.41206032038E+00
+20.12500E-06,+12.26130662858E+00,+2.41206032038E+00
+20.15000E-06,+12.06030160189E+00,+2.51256283356E+00
+20.17500E-06,+11.85929657519E+00,+2.61306534708E+00
+20.20000E-06,+11.45728652179E+00,+2.61306534690E+00
+20.22500E-06,+11.25628149509E+00,+2.61306534708E+00
+20.25000E-06,+10.95477395487E+00,+2.41206032038E+00
+20.27500E-06,+11.00502521189E+00,+2.41206032038E+00
+20.30000E-06,+10.85427144187E+00,+2.41206032038E+00
+20.32500E-06,+10.85427144170E+00,+2.41206032038E+00
+20.35000E-06,+10.85427144170E+00,+2.41206032038E+00
+20.37500E-06,+10.85427144170E+00,+2.56281409057E+00
+20.40000E-06,+10.85427144170E+00,+2.61306534708E+00
+20.42500E-06,+10.85427144170E+00,+2.61306534708E+00
+20.45000E-06,+10.85427144170E+00,+2.51256283355E+00
+20.47500E-06,+11.05527646840E+00,+2.41206032038E+00
+20.50000E-06,+11.05527646822E+00,+2.61306534708E+00
+20.52500E-06,+11.00502521155E+00,+2.61306534708E+00
+20.55000E-06,+11.05527646840E+00,+2.61306534708E+00
+20.57500E-06,+10.85427144170E+00,+2.41206032038E+00
+20.60000E-06,+10.85427144170E+00,+2.41206032055E+00
+20.62500E-06,+11.05527646840E+00,+2.41206032038E+00
+20.65000E-06,+11.05527646840E+00,+2.61306534708E+00
+20.67500E-06,+10.90452269820E+00,+2.46231157688E+00
+20.70000E-06,+11.05527646840E+00,+2.41206032038E+00
+20.72500E-06,+10.90452269855E+00,+2.41206032038E+00
+20.75000E-06,+10.85427144170E+00,+2.51256283390E+00
+20.77500E-06,+10.85427144170E+00,+2.61306534708E+00
+20.80000E-06,+11.05527646822E+00,+2.61306534708E+00
+20.82500E-06,+10.90452269855E+00,+2.41206032038E+00
+20.85000E-06,+11.05527646840E+00,+2.41206032038E+00
+20.87500E-06,+10.85427144170E+00,+2.61306534708E+00
+20.90000E-06,+10.85427144170E+00,+2.61306534690E+00
+20.92500E-06,+10.85427144170E+00,+2.56281409023E+00
+20.95000E-06,+10.85427144170E+00,+2.51256283390E+00
+20.97500E-06,+11.00502521190E+00,+2.41206032038E+00
+21.00000E-06,+10.85427144170E+00,+2.41206032038E+00
+21.02500E-06,+10.85427144170E+00,+2.56281409023E+00
+21.05000E-06,+10.95477395487E+00,+2.61306534708E+00
+21.07500E-06,+11.00502521190E+00,+2.46231157687E+00
+21.10000E-06,+10.85427144188E+00,+2.61306534708E+00
+21.12500E-06,+11.05527646840E+00,+2.61306534708E+00
+21.15000E-06,+10.95477395487E+00,+2.41206032038E+00
+21.17500E-06,+10.85427144170E+00,+2.41206032038E+00
+21.20000E-06,+11.05527646822E+00,+2.41206032038E+00
+21.22500E-06,+10.85427144170E+00,+2.41206032038E+00
+21.25000E-06,+11.05527646840E+00,+2.51256283355E+00
+21.27500E-06,+11.05527646840E+00,+2.41206032038E+00
+21.30000E-06,+10.85427144170E+00,+2.41206032038E+00
+21.32500E-06,+11.05527646840E+00,+2.41206032038E+00
+21.35000E-06,+10.95477395523E+00,+2.41206032038E+00
+21.37500E-06,+10.85427144170E+00,+2.41206032038E+00
+21.40000E-06,+11.05527646840E+00,+2.61306534708E+00
+21.42500E-06,+10.85427144170E+00,+2.61306534708E+00
+21.45000E-06,+10.85427144170E+00,+2.51256283390E+00
+21.47500E-06,+10.90452269819E+00,+2.61306534708E+00
+21.50000E-06,+11.05527646840E+00,+2.41206032056E+00
+21.52500E-06,+11.05527646840E+00,+2.56281409022E+00
+21.55000E-06,+10.85427144170E+00,+2.41206032038E+00
+21.57500E-06,+10.85427144170E+00,+2.41206032038E+00
+21.60000E-06,+11.05527646840E+00,+2.41206032038E+00
+21.62500E-06,+10.85427144170E+00,+2.41206032038E+00
+21.65000E-06,+10.85427144170E+00,+2.41206032038E+00
+21.67500E-06,+11.05527646840E+00,+2.41206032038E+00
+21.70000E-06,+11.05527646821E+00,+2.41206032038E+00
+21.72500E-06,+10.90452269855E+00,+2.41206032038E+00
+21.75000E-06,+10.85427144170E+00,+2.41206032038E+00
+21.77500E-06,+10.85427144170E+00,+2.61306534708E+00
+21.80000E-06,+11.05527646840E+00,+2.61306534689E+00
+21.82500E-06,+11.05527646840E+00,+2.41206032038E+00
+21.85000E-06,+10.95477395487E+00,+2.51256283355E+00
+21.87500E-06,+11.00502521190E+00,+2.41206032038E+00
+21.90000E-06,+10.85427144188E+00,+2.61306534689E+00
+21.92500E-06,+10.85427144170E+00,+2.41206032038E+00
+21.95000E-06,+10.95477395523E+00,+2.51256283391E+00
+21.97500E-06,+10.90452269819E+00,+2.46231157687E+00
+22.00000E-06,+11.05527646840E+00,+2.61306534708E+00
+22.02500E-06,+11.00502521154E+00,+2.41206032038E+00
+22.05000E-06,+10.95477395523E+00,+2.51256283354E+00
+22.07500E-06,+10.85427144170E+00,+2.41206032038E+00
+22.10000E-06,+10.85427144170E+00,+2.41206032038E+00
+22.12500E-06,+11.05527646840E+00,+2.41206032038E+00
+22.15000E-06,+11.05527646840E+00,+2.41206032038E+00
+22.17500E-06,+11.00502521191E+00,+2.41206032038E+00
+22.20000E-06,+11.05527646840E+00,+2.41206032056E+00
+22.22500E-06,+11.00502521154E+00,+2.56281409022E+00
+22.25000E-06,+10.95477395523E+00,+2.41206032038E+00
+22.27500E-06,+10.85427144170E+00,+2.41206032038E+00
+22.30000E-06,+10.85427144170E+00,+2.41206032038E+00
+22.32500E-06,+11.05527646840E+00,+2.41206032038E+00
+22.35000E-06,+10.85427144170E+00,+2.41206032038E+00
+22.37500E-06,+10.85427144170E+00,+2.41206032038E+00
+22.40000E-06,+11.05527646840E+00,+2.41206032038E+00
+22.42500E-06,+10.90452269856E+00,+2.41206032038E+00
+22.45000E-06,+10.85427144170E+00,+2.51256283391E+00
+22.47500E-06,+10.85427144170E+00,+2.41206032038E+00
+22.50000E-06,+10.85427144170E+00,+2.61306534689E+00
+22.52500E-06,+10.85427144170E+00,+2.41206032038E+00
+22.55000E-06,+10.95477395486E+00,+2.41206032038E+00
+22.57500E-06,+11.05527646840E+00,+2.41206032038E+00
+22.60000E-06,+10.85427144170E+00,+2.61306534689E+00
+22.62500E-06,+11.05527646840E+00,+2.41206032038E+00
+22.65000E-06,+11.05527646840E+00,+2.41206032038E+00
+22.67500E-06,+11.00502521191E+00,+2.41206032038E+00
+22.70000E-06,+10.85427144189E+00,+2.61306534708E+00
+22.72500E-06,+10.90452269856E+00,+2.41206032038E+00
+22.75000E-06,+10.95477395523E+00,+2.41206032038E+00
+22.77500E-06,+10.85427144170E+00,+2.41206032038E+00
+22.80000E-06,+10.85427144170E+00,+2.41206032056E+00
+22.82500E-06,+11.00502521153E+00,+2.41206032038E+00
+22.85000E-06,+10.85427144170E+00,+2.41206032038E+00
+22.87500E-06,+11.00502521191E+00,+2.46231157686E+00
+22.90000E-06,+10.85427144170E+00,+2.41206032038E+00
+22.92500E-06,+11.05527646840E+00,+2.41206032038E+00
+22.95000E-06,+10.75376892854E+00,+2.51256283354E+00
+22.97500E-06,+11.00502521191E+00,+2.56281409059E+00
+23.00000E-06,+11.05527646840E+00,+2.41206032057E+00
+23.02500E-06,+251.25628356E-03,+2.56281409021E+00
+23.05000E-06,+0.0E+00,+2.41206032038E+00
+23.07500E-06,+0.0E+00,+2.61306534708E+00
+23.10000E-06,+201.00502670E-03,+2.41206032038E+00
+23.12500E-06,+0.0E+00,+2.56281409021E+00
+23.15000E-06,+0.0E+00,+2.61306534708E+00
+23.17500E-06,+0.0E+00,+2.41206032038E+00
+23.20000E-06,+0.0E+00,+2.41206032038E+00
+23.22500E-06,+0.0E+00,+2.46231157724E+00
+23.25000E-06,+0.0E+00,+2.51256283354E+00
+23.27500E-06,+0.0E+00,+2.41206032038E+00
+23.30000E-06,+190E-12,+2.41206032038E+00
+23.32500E-06,+0.0E+00,+2.41206032038E+00
+23.35000E-06,+0.0E+00,+2.61306534708E+00
+23.37500E-06,+0.0E+00,+2.61306534708E+00
+23.40000E-06,+201.00502651E-03,+2.61306534708E+00
+23.42500E-06,+50.25125687E-03,+2.41206032038E+00
+23.45000E-06,+0.0E+00,+2.41206032038E+00
+23.47500E-06,+0.0E+00,+2.41206032038E+00
+23.50000E-06,+0.0E+00,+2.61306534688E+00
+23.52500E-06,+0.0E+00,+2.41206032038E+00
+23.55000E-06,+100.50251316E-03,+2.51256283392E+00
+23.57500E-06,+0.0E+00,+2.41206032038E+00
+23.60000E-06,+0.0E+00,+2.41206032038E+00
+23.62500E-06,+0.0E+00,+2.41206032038E+00
+23.65000E-06,+100.50251354E-03,+2.41206032038E+00
+23.67500E-06,+0.0E+00,+2.41206032038E+00
+23.70000E-06,-190E-12,+2.41206032057E+00
+23.72500E-06,+150.75376983E-03,+2.56281409021E+00
+23.75000E-06,+0.0E+00,+2.61306534708E+00
+23.77500E-06,+0.0E+00,+2.61306534708E+00
+23.80000E-06,+0.0E+00,+2.61306534708E+00
+23.82500E-06,+201.00502670E-03,+2.41206032038E+00
+23.85000E-06,+0.0E+00,+2.41206032038E+00
+23.87500E-06,+0.0E+00,+2.56281409059E+00
+23.90000E-06,+201.00502650E-03,+2.41206032038E+00
+23.92500E-06,+0.0E+00,+2.56281409021E+00
+23.95000E-06,+100.50251354E-03,+2.61306534708E+00
+23.97500E-06,+0.0E+00,+2.61306534708E+00
+24.00000E-06,+201.00502650E-03,+2.61306534708E+00
+24.02500E-06,+0.0E+00,+2.46231157725E+00
+24.05000E-06,+0.0E+00,+2.61306534708E+00
+24.07500E-06,+0.0E+00,+2.61306534708E+00
+24.10000E-06,+201.00502670E-03,+2.61306534708E+00
+24.12500E-06,+0.0E+00,+2.61306534708E+00
+24.15000E-06,+0.0E+00,+2.61306534708E+00
+24.17500E-06,+0.0E+00,+2.61306534708E+00
+24.20000E-06,+0.0E+00,+2.61306534708E+00
+24.22500E-06,+50.25125687E-03,+2.46231157725E+00
+24.25000E-06,+100.50251355E-03,+2.61306534708E+00
+24.27500E-06,+0.0E+00,+2.61306534708E+00
+24.30000E-06,+0.0E+00,+2.61306534708E+00
+24.32500E-06,+0.0E+00,+2.46231157725E+00
+24.35000E-06,+0.0E+00,+2.41206032038E+00
+24.37500E-06,-50.25125648E-03,+2.41206032038E+00
+24.40000E-06,+200E-12,+2.61306534708E+00
+24.42500E-06,+50.25125687E-03,+2.41206032038E+00
+24.45000E-06,+0.0E+00,+2.51256283353E+00
+24.47500E-06,+0.0E+00,+2.56281409060E+00
+24.50000E-06,+201.00502650E-03,+2.61306534708E+00
+24.52500E-06,+150.75376982E-03,+2.61306534708E+00
+24.55000E-06,+100.50251355E-03,+2.61306534708E+00
+24.57500E-06,+150.75377022E-03,+2.56281409060E+00
+24.60000E-06,+200E-12,+2.61306534708E+00
+24.62500E-06,+0.0E+00,+2.41206032038E+00
+24.65000E-06,+100.50251355E-03,+2.51256283353E+00
+24.67500E-06,+0.0E+00,+2.41206032038E+00
+24.70000E-06,+0.0E+00,+2.61306534708E+00
+24.72500E-06,+0.0E+00,+2.61306534708E+00
+24.75000E-06,+0.0E+00,+2.61306534708E+00
+24.77500E-06,+0.0E+00,+2.61306534708E+00
+24.80000E-06,+201.00502650E-03,+2.61306534708E+00
+24.82500E-06,+201.00502670E-03,+2.56281409020E+00
+24.85000E-06,+0.0E+00,+2.61306534708E+00
+24.87500E-06,+50.25125647E-03,+2.41206032038E+00
+24.90000E-06,+0.0E+00,+2.41206032058E+00
+24.92500E-06,+0.0E+00,+2.61306534708E+00
+24.95000E-06,+100.50251355E-03,+2.61306534708E+00
+24.97500E-06,+0.0E+00,+2.46231157685E+00
