x-axis,3,4
second,Volt,Volt
-25.00000E-06,+139.40703683E-03,-48.20351489E-03
-24.97500E-06,+196.89447340E-03,-23.07788702E-03
-24.95000E-06,+113.27638384E-03,-16.04271121E-03
-24.92500E-06,+83.22613291E-03,-35.13818840E-03
-24.90000E-06,+81.91960026E-03,-52.22361535E-03
-24.87500E-06,+80.61306761E-03,-59.25879115E-03
-24.85000E-06,+84.53266555E-03,-58.25376604E-03
-24.82500E-06,+88.45226350E-03,-51.21859023E-03
-24.80000E-06,+92.37186145E-03,-48.20351489E-03
-24.77500E-06,+88.45226350E-03,-56.24371581E-03
-24.75000E-06,+66.24120846E-03,-52.22361535E-03
-24.72500E-06,+24.43216369E-03,-44.18341443E-03
-24.70000E-06,+61.01507787E-03,-52.22361535E-03
-24.67500E-06,+85.83919820E-03,-48.20351489E-03
-24.65000E-06,+87.14573085E-03,-28.10301259E-03
-24.62500E-06,+97.59799205E-03,-43.17838931E-03
-24.60000E-06,+92.37186145E-03,-60.26381627E-03
-24.57500E-06,+97.59799205E-03,-52.22361535E-03
-24.55000E-06,+89.75879615E-03,-50.21356512E-03
-24.52500E-06,+81.91960026E-03,-48.20351489E-03
-24.50000E-06,+81.91960026E-03,-52.22361535E-03
-24.47500E-06,+85.83919820E-03,-56.24371581E-03
-24.45000E-06,+89.75879615E-03,-48.20351489E-03
-24.42500E-06,+92.37186145E-03,-47.19848977E-03
-24.40000E-06,+81.91960026E-03,-48.20351489E-03
-24.37500E-06,+88.45226350E-03,-52.22361535E-03
-24.35000E-06,+92.37186145E-03,-52.22361535E-03
-24.32500E-06,+97.59799205E-03,-48.20351489E-03
-24.30000E-06,+97.59799205E-03,-48.20351489E-03
-24.27500E-06,+96.29145940E-03,-48.20351489E-03
-24.25000E-06,+97.59799205E-03,-52.22361535E-03
-24.22500E-06,+98.90452470E-03,-48.20351489E-03
-24.20000E-06,+97.59799205E-03,-48.20351489E-03
-24.17500E-06,+101.51759000E-03,-49.20854000E-03
-24.15000E-06,+100.21105735E-03,-48.20351489E-03
-24.12500E-06,+98.90452470E-03,-44.18341443E-03
-24.10000E-06,+108.05025324E-03,-48.20351489E-03
-24.07500E-06,+108.05025324E-03,-44.18341443E-03
-24.05000E-06,+105.43718794E-03,-44.18341443E-03
-24.02500E-06,+108.05025324E-03,-44.18341443E-03
-24.00000E-06,+108.05025324E-03,-48.20351489E-03
-23.97500E-06,+108.05025324E-03,-44.18341443E-03
-23.95000E-06,+113.27638384E-03,-44.18341443E-03
-23.92500E-06,+122.42211238E-03,-46.19346466E-03
-23.90000E-06,+118.50251444E-03,-20.06281167E-03
-23.87500E-06,+128.95477563E-03,-46.19346466E-03
-23.85000E-06,+121.11557974E-03,-46.19346466E-03
-23.82500E-06,+123.72864503E-03,-52.22361535E-03
-23.80000E-06,+118.50251444E-03,-48.20351489E-03
-23.77500E-06,+122.42211238E-03,-47.19848977E-03
-23.75000E-06,+118.50251444E-03,-44.18341443E-03
-23.72500E-06,+123.72864503E-03,-41.16833908E-03
-23.70000E-06,+118.50251444E-03,-44.18341443E-03
-23.67500E-06,+123.72864503E-03,-40.16331397E-03
-23.65000E-06,+123.72864503E-03,-40.16331397E-03
-23.62500E-06,+127.64824298E-03,-44.18341443E-03
-23.60000E-06,+128.95477563E-03,-44.18341443E-03
-23.57500E-06,+127.64824298E-03,-40.16331397E-03
-23.55000E-06,+131.56784093E-03,-40.16331397E-03
-23.52500E-06,+128.95477563E-03,-39.15828886E-03
-23.50000E-06,+134.18090623E-03,-40.16331397E-03
-23.47500E-06,+130.26130828E-03,-40.16331397E-03
-23.45000E-06,+136.79397153E-03,-40.16331397E-03
-23.42500E-06,+134.18090623E-03,-36.14321351E-03
-23.40000E-06,+139.40703683E-03,-40.16331397E-03
-23.37500E-06,+139.40703683E-03,-40.16331397E-03
-23.35000E-06,+131.56784093E-03,-40.16331397E-03
-23.32500E-06,+140.71356948E-03,-40.16331397E-03
-23.30000E-06,+139.40703683E-03,-36.14321351E-03
-23.27500E-06,+144.63316742E-03,-44.18341443E-03
-23.25000E-06,+144.63316742E-03,-36.14321351E-03
-23.22500E-06,+144.63316742E-03,-37.14823863E-03
-23.20000E-06,+144.63316742E-03,-36.14321351E-03
-23.17500E-06,+148.55276537E-03,-36.14321351E-03
-23.15000E-06,+144.63316742E-03,-34.13316328E-03
-23.12500E-06,+148.55276537E-03,-36.14321351E-03
-23.10000E-06,+144.63316742E-03,-32.12311305E-03
-23.07500E-06,+149.85929802E-03,-32.12311305E-03
-23.05000E-06,+152.47236332E-03,-34.13316328E-03
-23.02500E-06,+155.08542862E-03,-36.14321351E-03
-23.00000E-06,+155.08542862E-03,-36.14321351E-03
-22.97500E-06,+156.39196127E-03,-32.12311305E-03
-22.95000E-06,+155.08542862E-03,-36.14321351E-03
-22.92500E-06,+155.08542862E-03,-36.14321351E-03
-22.90000E-06,+160.31155922E-03,-36.14321351E-03
-22.87500E-06,+160.31155922E-03,-35.13818840E-03
-22.85000E-06,+162.92462451E-03,-32.12311305E-03
-22.82500E-06,+160.31155922E-03,-32.12311305E-03
-22.80000E-06,+165.53768981E-03,-32.12311305E-03
-22.77500E-06,+165.53768981E-03,-36.14321351E-03
-22.75000E-06,+162.92462451E-03,-36.14321351E-03
-22.72500E-06,+165.53768981E-03,-32.12311305E-03
-22.70000E-06,+165.53768981E-03,-32.12311305E-03
-22.67500E-06,+170.76382041E-03,-32.12311305E-03
-22.65000E-06,+170.76382041E-03,-32.12311305E-03
-22.62500E-06,+175.98995101E-03,-31.11808794E-03
-22.60000E-06,+181.21608160E-03,-32.12311305E-03
-22.57500E-06,+181.21608160E-03,-13.02763587E-03
-22.55000E-06,+189.05527750E-03,-30.11306282E-03
-22.52500E-06,+179.90954896E-03,-20.06281167E-03
-22.50000E-06,+175.98995101E-03,-32.12311305E-03
-22.47500E-06,+170.76382041E-03,-37.14823862E-03
-22.45000E-06,+175.98995101E-03,-32.12311305E-03
-22.42500E-06,+175.98995101E-03,-32.12311305E-03
-22.40000E-06,+186.44221220E-03,-24.08291213E-03
-22.37500E-06,+186.44221220E-03,-32.12311305E-03
-22.35000E-06,+186.44221220E-03,-28.10301259E-03
-22.32500E-06,+186.44221220E-03,-28.10301259E-03
-22.30000E-06,+186.44221220E-03,-28.10301259E-03
-22.27500E-06,+196.89447340E-03,-28.10301259E-03
-22.25000E-06,+191.66834280E-03,-26.09296236E-03
-22.22500E-06,+195.58794075E-03,-28.10301259E-03
-22.20000E-06,+196.89447340E-03,-28.10301259E-03
-22.17500E-06,+191.66834280E-03,-24.08291213E-03
-22.15000E-06,+196.89447340E-03,-26.09296236E-03
-22.12500E-06,+198.20100605E-03,-29.10803771E-03
-22.10000E-06,+196.89447340E-03,-28.10301259E-03
-22.07500E-06,+202.12060399E-03,-28.10301259E-03
-22.05000E-06,+202.12060399E-03,-28.10301259E-03
-22.02500E-06,+202.12060399E-03,-20.06281167E-03
-22.00000E-06,+202.12060399E-03,-24.08291213E-03
-21.97500E-06,+202.12060399E-03,-24.08291213E-03
-21.95000E-06,+207.34673459E-03,-26.09296236E-03
-21.92500E-06,+208.65326724E-03,-21.06783679E-03
-21.90000E-06,+207.34673459E-03,-28.10301259E-03
-21.87500E-06,+211.26633254E-03,-20.06281167E-03
-21.85000E-06,+212.57286519E-03,-20.06281167E-03
-21.82500E-06,+213.87939784E-03,-24.08291213E-03
-21.80000E-06,+217.79899579E-03,-24.08291213E-03
-21.77500E-06,+213.87939784E-03,-21.06783679E-03
-21.75000E-06,+215.18593049E-03,-24.08291213E-03
-21.72500E-06,+217.79899579E-03,-20.06281167E-03
-21.70000E-06,+217.79899579E-03,-20.06281167E-03
-21.67500E-06,+219.10552844E-03,-20.06281167E-03
-21.65000E-06,+223.02512638E-03,-22.07286190E-03
-21.62500E-06,+226.94472433E-03,-24.08291213E-03
-21.60000E-06,+228.25125698E-03,-24.08291213E-03
-21.57500E-06,+226.94472433E-03,-19.05778656E-03
-21.55000E-06,+223.02512638E-03,-20.06281167E-03
-21.52500E-06,+226.94472433E-03,-20.06281167E-03
-21.50000E-06,+228.25125698E-03,-16.04271121E-03
-21.47500E-06,+228.25125698E-03,-23.07788702E-03
-21.45000E-06,+233.47738758E-03,-20.06281167E-03
-21.42500E-06,+232.17085493E-03,-23.07788702E-03
-21.40000E-06,+238.70351817E-03,-20.06281167E-03
-21.37500E-06,+238.70351817E-03,-16.04271121E-03
-21.35000E-06,+236.09045288E-03,-20.06281167E-03
-21.32500E-06,+238.70351817E-03,-17.04773633E-03
-21.30000E-06,+238.70351817E-03,-20.06281167E-03
-21.27500E-06,+243.92964877E-03,-20.06281167E-03
-21.25000E-06,+243.92964877E-03,-18.05276144E-03
-21.22500E-06,+246.54271407E-03,-24.08291213E-03
-21.20000E-06,+243.92964877E-03,-24.08291213E-03
-21.17500E-06,+247.84924672E-03,-31.11808794E-03
-21.15000E-06,+243.92964877E-03,-26.09296236E-03
-21.12500E-06,+240.01005082E-03,-18.05276144E-03
-21.10000E-06,+243.92964877E-03,-12.02261075E-03
-21.07500E-06,+250.46231202E-03,-6.99748518E-03
-21.05000E-06,+249.15577937E-03,-8.00251029E-03
-21.02500E-06,+249.15577937E-03,-16.04271121E-03
-21.00000E-06,+259.60804056E-03,-16.04271121E-03
-20.97500E-06,+254.38190997E-03,-12.02261075E-03
-20.95000E-06,+251.76884467E-03,-16.04271121E-03
-20.92500E-06,+259.60804056E-03,-13.02763587E-03
-20.90000E-06,+259.60804056E-03,-12.02261075E-03
-20.87500E-06,+259.60804056E-03,-12.02261075E-03
-20.85000E-06,+259.60804056E-03,-10.01256052E-03
-20.82500E-06,+260.91457321E-03,-15.03768610E-03
-20.80000E-06,+259.60804056E-03,-12.02261075E-03
-20.77500E-06,+268.75376911E-03,-12.02261075E-03
-20.75000E-06,+267.44723646E-03,-10.01256052E-03
-20.72500E-06,+264.83417116E-03,-12.02261075E-03
-20.70000E-06,+264.83417116E-03,-12.02261075E-03
-20.67500E-06,+268.75376911E-03,-8.00251029E-03
-20.65000E-06,+270.06030176E-03,-10.01256052E-03
-20.62500E-06,+275.28643236E-03,-8.00251029E-03
-20.60000E-06,+270.06030176E-03,-12.02261075E-03
-20.57500E-06,+275.28643236E-03,-8.00251029E-03
-20.55000E-06,+280.51256295E-03,-10.01256052E-03
-20.52500E-06,+275.28643236E-03,-8.00251029E-03
-20.50000E-06,+275.28643236E-03,-8.00251029E-03
-20.47500E-06,+280.51256295E-03,-12.02261075E-03
-20.45000E-06,+280.51256295E-03,-8.00251029E-03
-20.42500E-06,+280.51256295E-03,-8.00251029E-03
-20.40000E-06,+280.51256295E-03,-8.00251029E-03
-20.37500E-06,+285.73869355E-03,-3.98240983E-03
-20.35000E-06,+283.12562825E-03,-10.01256052E-03
-20.32500E-06,+285.73869355E-03,-8.00251029E-03
-20.30000E-06,+290.96482415E-03,-8.00251029E-03
-20.27500E-06,+289.65829150E-03,-6.99748518E-03
-20.25000E-06,+290.96482415E-03,-8.00251029E-03
-20.22500E-06,+287.04522620E-03,-8.00251029E-03
-20.20000E-06,+290.96482415E-03,-3.98240983E-03
-20.17500E-06,+292.27135680E-03,-3.98240983E-03
-20.15000E-06,+293.57788945E-03,-5.99246006E-03
-20.12500E-06,+300.11055269E-03,-3.98240983E-03
-20.10000E-06,+301.41708534E-03,-8.00251029E-03
-20.07500E-06,+300.11055269E-03,-3.98240983E-03
-20.05000E-06,+301.41708534E-03,-3.98240983E-03
-20.02500E-06,+305.33668329E-03,-3.98240983E-03
-20.00000E-06,+301.41708534E-03,-3.98240983E-03
-19.97500E-06,+306.64321594E-03,-6.99748518E-03
-19.95000E-06,+304.03015064E-03,-3.98240983E-03
-19.92500E-06,+301.41708534E-03,+37.69062E-06
-19.90000E-06,+306.64321594E-03,+37.69062E-06
-19.87500E-06,+306.64321594E-03,-1.97235961E-03
-19.85000E-06,+317.09547713E-03,-10.01256052E-03
-19.82500E-06,+327.54773833E-03,+7.07286643E-03
-19.80000E-06,+317.09547713E-03,+8.07789154E-03
-19.77500E-06,+313.17587919E-03,+4.05779108E-03
-19.75000E-06,+311.86934654E-03,+37.69062E-06
-19.72500E-06,+317.09547713E-03,-967.33449E-06
-19.70000E-06,+317.09547713E-03,-3.98240983E-03
-19.67500E-06,+315.78894448E-03,-967.33449E-06
-19.65000E-06,+317.09547713E-03,+37.69062E-06
-19.62500E-06,+318.40200978E-03,+3.05276597E-03
-19.60000E-06,+322.32160773E-03,+37.69063E-06
-19.57500E-06,+322.32160773E-03,+37.69062E-06
-19.55000E-06,+322.32160773E-03,+4.05779108E-03
-19.52500E-06,+327.54773833E-03,+4.05779108E-03
-19.50000E-06,+327.54773833E-03,+4.05779108E-03
-19.47500E-06,+327.54773833E-03,+5.06281620E-03
-19.45000E-06,+327.54773833E-03,+37.69062E-06
-19.42500E-06,+328.85427098E-03,+4.05779108E-03
-19.40000E-06,+327.54773833E-03,+4.05779108E-03
-19.37500E-06,+328.85427098E-03,+8.07789154E-03
-19.35000E-06,+332.77386893E-03,+4.05779108E-03
-19.32500E-06,+332.77386893E-03,+4.05779108E-03
-19.30000E-06,+337.99999952E-03,+4.05779108E-03
-19.27500E-06,+337.99999952E-03,+4.05779108E-03
-19.25000E-06,+337.99999952E-03,+8.07789154E-03
-19.22500E-06,+337.99999952E-03,+4.05779108E-03
-19.20000E-06,+343.22613012E-03,+8.07789154E-03
-19.17500E-06,+343.22613012E-03,+5.06281620E-03
-19.15000E-06,+343.22613012E-03,+6.06784131E-03
-19.12500E-06,+341.91959747E-03,+9.08291666E-03
-19.10000E-06,+343.22613012E-03,+8.07789154E-03
-19.07500E-06,+343.22613012E-03,+11.09296689E-03
-19.05000E-06,+343.22613012E-03,+8.07789154E-03
-19.02500E-06,+348.45226072E-03,+8.07789154E-03
-19.00000E-06,+343.22613012E-03,+8.07789154E-03
-18.97500E-06,+349.75879337E-03,+8.07789154E-03
-18.95000E-06,+353.67839132E-03,+12.09799200E-03
-18.92500E-06,+348.45226072E-03,+11.09296689E-03
-18.90000E-06,+353.67839132E-03,+8.07789154E-03
-18.87500E-06,+358.90452191E-03,+8.07789154E-03
-18.85000E-06,+358.90452191E-03,+10.08794177E-03
-18.82500E-06,+353.67839132E-03,+12.09799200E-03
-18.80000E-06,+358.90452191E-03,+8.07789154E-03
-18.77500E-06,+358.90452191E-03,+9.08291666E-03
-18.75000E-06,+361.51758721E-03,+12.09799200E-03
-18.72500E-06,+369.35678311E-03,+12.09799200E-03
-18.70000E-06,+364.13065251E-03,+12.09799200E-03
-18.67500E-06,+364.13065251E-03,+9.08291666E-03
-18.65000E-06,+364.13065251E-03,+12.09799200E-03
-18.62500E-06,+373.27638106E-03,+12.09799200E-03
-18.60000E-06,+369.35678311E-03,+16.11809246E-03
-18.57500E-06,+369.35678311E-03,+12.09799200E-03
-18.55000E-06,+369.35678311E-03,+12.09799200E-03
-18.52500E-06,+364.13065251E-03,+16.11809246E-03
-18.50000E-06,+369.35678311E-03,-8.00251029E-03
-18.47500E-06,+364.13065251E-03,+13.10301712E-03
-18.45000E-06,+374.58291370E-03,+20.13819292E-03
-18.42500E-06,+374.58291370E-03,+24.15829338E-03
-18.40000E-06,+379.80904430E-03,+24.15829338E-03
-18.37500E-06,+381.11557695E-03,+20.13819292E-03
-18.35000E-06,+387.64824020E-03,+16.11809246E-03
-18.32500E-06,+383.72864225E-03,+13.10301712E-03
-18.30000E-06,+379.80904430E-03,+12.09799200E-03
-18.27500E-06,+385.03517490E-03,+16.11809246E-03
-18.25000E-06,+385.03517490E-03,+16.11809246E-03
-18.22500E-06,+390.26130550E-03,+16.11809246E-03
-18.20000E-06,+390.26130550E-03,+16.11809246E-03
-18.17500E-06,+385.03517490E-03,+23.15326827E-03
-18.15000E-06,+392.87437079E-03,+16.11809246E-03
-18.12500E-06,+391.56783814E-03,+20.13819292E-03
-18.10000E-06,+395.48743609E-03,+20.13819292E-03
-18.07500E-06,+399.40703404E-03,+20.13819292E-03
-18.05000E-06,+398.10050139E-03,+22.14824315E-03
-18.02500E-06,+399.40703404E-03,+16.11809246E-03
-18.00000E-06,+405.93969729E-03,+24.15829338E-03
-17.97500E-06,+395.48743609E-03,+20.13819292E-03
-17.95000E-06,+405.93969729E-03,+22.14824315E-03
-17.92500E-06,+404.63316464E-03,+23.15326827E-03
-17.90000E-06,+405.93969729E-03,+16.11809246E-03
-17.87500E-06,+411.16582789E-03,+20.13819292E-03
-17.85000E-06,+408.55276259E-03,+24.15829338E-03
-17.82500E-06,+411.16582789E-03,+21.14321804E-03
-17.80000E-06,+411.16582789E-03,+20.13819292E-03
-17.77500E-06,+415.08542583E-03,+24.15829338E-03
-17.75000E-06,+411.16582789E-03,+24.15829338E-03
-17.72500E-06,+412.47236053E-03,+24.15829338E-03
-17.70000E-06,+411.16582789E-03,+20.13819292E-03
-17.67500E-06,+417.69849113E-03,+21.14321804E-03
-17.65000E-06,+416.39195848E-03,+24.15829338E-03
-17.62500E-06,+416.39195848E-03,+26.16834361E-03
-17.60000E-06,+421.61808908E-03,+28.17839384E-03
-17.57500E-06,+416.39195848E-03,+24.15829338E-03
-17.55000E-06,+426.84421968E-03,+20.13819292E-03
-17.52500E-06,+421.61808908E-03,+24.15829338E-03
-17.50000E-06,+426.84421968E-03,+24.15829338E-03
-17.47500E-06,+426.84421968E-03,+24.15829338E-03
-17.45000E-06,+426.84421968E-03,+26.16834361E-03
-17.42500E-06,+426.84421968E-03,+24.15829338E-03
-17.40000E-06,+432.07035027E-03,+24.15829338E-03
-17.37500E-06,+432.07035027E-03,+24.15829338E-03
-17.35000E-06,+434.68341557E-03,+28.17839384E-03
-17.32500E-06,+432.07035027E-03,+24.15829338E-03
-17.30000E-06,+437.29648087E-03,+28.17839384E-03
-17.27500E-06,+441.21607882E-03,+28.17839384E-03
-17.25000E-06,+437.29648087E-03,+30.18844407E-03
-17.22500E-06,+441.21607882E-03,+28.17839384E-03
-17.20000E-06,+437.29648087E-03,+28.17839384E-03
-17.17500E-06,+433.37688293E-03,+25.16331850E-03
-17.15000E-06,+419.00502378E-03,+24.15829338E-03
-17.12500E-06,+445.13567677E-03,+26.16834361E-03
-17.10000E-06,+458.20100326E-03,+32.19849430E-03
-17.07500E-06,+458.20100326E-03,+35.21356964E-03
-17.05000E-06,+447.74874207E-03,+34.20854453E-03
-17.02500E-06,+452.97487266E-03,+31.19346919E-03
-17.00000E-06,+452.97487266E-03,+28.17839384E-03
-16.97500E-06,+447.74874207E-03,+35.21356964E-03
-16.95000E-06,+452.97487266E-03,+32.19849430E-03
-16.92500E-06,+452.97487266E-03,+32.19849430E-03
-16.90000E-06,+452.97487266E-03,+32.19849430E-03
-16.87500E-06,+458.20100326E-03,+32.19849430E-03
-16.85000E-06,+458.20100326E-03,+36.21859476E-03
-16.82500E-06,+463.42713386E-03,+36.21859476E-03
-16.80000E-06,+458.20100326E-03,+36.21859476E-03
-16.77500E-06,+463.42713386E-03,+32.19849430E-03
-16.75000E-06,+463.42713386E-03,+34.20854453E-03
-16.72500E-06,+462.12060121E-03,+32.19849430E-03
-16.70000E-06,+463.42713386E-03,+40.23869522E-03
-16.67500E-06,+463.42713386E-03,+36.21859476E-03
-16.65000E-06,+468.65326446E-03,+34.20854453E-03
-16.62500E-06,+463.42713386E-03,+37.22361987E-03
-16.60000E-06,+473.87939505E-03,+40.23869522E-03
-16.57500E-06,+472.57286240E-03,+36.21859476E-03
-16.55000E-06,+471.26632975E-03,+38.22864499E-03
-16.52500E-06,+473.87939505E-03,+40.23869522E-03
-16.50000E-06,+473.87939505E-03,+40.23869522E-03
-16.47500E-06,+479.10552565E-03,+33.20351942E-03
-16.45000E-06,+479.10552565E-03,+38.22864499E-03
-16.42500E-06,+473.87939505E-03,+44.25879568E-03
-16.40000E-06,+479.10552565E-03,+40.23869522E-03
-16.37500E-06,+484.33165625E-03,+40.23869522E-03
-16.35000E-06,+484.33165625E-03,+38.22864499E-03
-16.32500E-06,+484.33165625E-03,+43.25377056E-03
-16.30000E-06,+484.33165625E-03,+40.23869522E-03
-16.27500E-06,+484.33165625E-03,+43.25377056E-03
-16.25000E-06,+489.55778684E-03,+42.24874545E-03
-16.22500E-06,+494.78391744E-03,+41.24372033E-03
-16.20000E-06,+489.55778684E-03,+44.25879568E-03
-16.17500E-06,+494.78391744E-03,+44.25879568E-03
-16.15000E-06,+489.55778684E-03,+42.24874545E-03
-16.12500E-06,+500.01004804E-03,+40.23869522E-03
-16.10000E-06,+494.78391744E-03,+40.23869522E-03
-16.07500E-06,+496.09045009E-03,+44.25879568E-03
-16.05000E-06,+497.39698274E-03,+40.23869522E-03
-16.02500E-06,+501.31658069E-03,+47.27387102E-03
-16.00000E-06,+505.23617864E-03,+48.27889614E-03
-15.97500E-06,+503.92964599E-03,+44.25879568E-03
-15.95000E-06,+507.84924393E-03,+46.26884591E-03
-15.92500E-06,+509.15577659E-03,+47.27387102E-03
-15.90000E-06,+510.46230923E-03,+48.27889614E-03
-15.87500E-06,+506.54271129E-03,+45.26382079E-03
-15.85000E-06,+510.46230923E-03,+44.25879568E-03
-15.82500E-06,+514.38190718E-03,+53.30402171E-03
-15.80000E-06,+510.46230923E-03,+56.31909706E-03
-15.77500E-06,+511.76884188E-03,+61.34422263E-03
-15.75000E-06,+515.68843983E-03,+60.33919752E-03
-15.72500E-06,+515.68843983E-03,+48.27889614E-03
-15.70000E-06,+515.68843983E-03,+44.25879568E-03
-15.67500E-06,+515.68843983E-03,+44.25879568E-03
-15.65000E-06,+520.91457043E-03,+44.25879568E-03
-15.62500E-06,+520.91457043E-03,+44.25879568E-03
-15.60000E-06,+515.68843983E-03,+48.27889614E-03
-15.57500E-06,+520.91457043E-03,+52.29899660E-03
-15.55000E-06,+526.14070103E-03,+52.29899660E-03
-15.52500E-06,+526.14070103E-03,+52.29899660E-03
-15.50000E-06,+526.14070103E-03,+52.29899660E-03
-15.47500E-06,+526.14070103E-03,+49.28392125E-03
-15.45000E-06,+526.14070103E-03,+48.27889614E-03
-15.42500E-06,+526.14070103E-03,+49.28392125E-03
-15.40000E-06,+536.59296222E-03,+48.27889614E-03
-15.37500E-06,+531.36683162E-03,+52.29899660E-03
-15.35000E-06,+531.36683162E-03,+52.29899660E-03
-15.32500E-06,+536.59296222E-03,+52.29899660E-03
-15.30000E-06,+536.59296222E-03,+52.29899660E-03
-15.27500E-06,+541.81909282E-03,+48.27889614E-03
-15.25000E-06,+541.81909282E-03,+52.29899660E-03
-15.22500E-06,+541.81909282E-03,+53.30402171E-03
-15.20000E-06,+541.81909282E-03,+52.29899660E-03
-15.17500E-06,+541.81909282E-03,+53.30402171E-03
-15.15000E-06,+544.43215811E-03,+48.27889614E-03
-15.12500E-06,+547.04522341E-03,+52.29899660E-03
-15.10000E-06,+547.04522342E-03,+52.29899660E-03
-15.07500E-06,+547.04522341E-03,+56.31909706E-03
-15.05000E-06,+549.65828871E-03,+56.31909706E-03
-15.02500E-06,+550.96482136E-03,+56.31909706E-03
-15.00000E-06,+552.27135401E-03,+60.33919752E-03
-14.97500E-06,+558.80401726E-03,+59.33417240E-03
-14.95000E-06,+567.94974581E-03,+46.26884591E-03
-14.92500E-06,+564.03014786E-03,+49.28392126E-03
-14.90000E-06,+552.27135401E-03,+44.25879568E-03
-14.87500E-06,+550.96482136E-03,+49.28392125E-03
-14.85000E-06,+557.49748461E-03,+56.31909706E-03
-14.82500E-06,+562.72361521E-03,+63.35427286E-03
-14.80000E-06,+567.94974580E-03,+60.33919752E-03
-14.77500E-06,+566.64321315E-03,+63.35427286E-03
-14.75000E-06,+567.94974580E-03,+64.35929798E-03
-14.72500E-06,+567.94974580E-03,+60.33919752E-03
-14.70000E-06,+520.91457042E-03,+20.13819293E-03
-14.67500E-06,+591.46733348E-03,+27.17336872E-03
-14.65000E-06,+596.69346408E-03,+40.23869522E-03
-14.62500E-06,+540.51256017E-03,+114.61055372E-03
-14.60000E-06,+578.40200699E-03,+345.76633017E-03
-14.57500E-06,+349.75879338E-03,+456.31909278E-03
-14.55000E-06,+635.88944358E-03,-66.29396696E-03
-14.52500E-06,+502.62311334E-03,+195.01256291E-03
-14.50000E-06,+526.14070102E-03,+100.54020211E-03
-14.47500E-06,+544.43215812E-03,+95.51507654E-03
-14.45000E-06,+607.14572528E-03,-18.05276144E-03
-14.42500E-06,+549.65828872E-03,+66.36934820E-03
-14.40000E-06,+567.94974580E-03,+72.39949889E-03
-14.37500E-06,+578.40200700E-03,+55.31407194E-03
-14.35000E-06,+570.56281110E-03,+58.32914729E-03
-14.32500E-06,+573.17587640E-03,+41.24372033E-03
-14.30000E-06,+567.94974580E-03,+60.33919752E-03
-14.27500E-06,+578.40200700E-03,+57.32412217E-03
-14.25000E-06,+573.17587640E-03,+52.29899660E-03
-14.22500E-06,+564.03014785E-03,+56.31909706E-03
-14.20000E-06,+562.72361521E-03,+48.27889614E-03
-14.17500E-06,+569.25627846E-03,+56.31909706E-03
-14.15000E-06,+575.78894170E-03,+52.29899660E-03
-14.12500E-06,+573.17587640E-03,+48.27889614E-03
-14.10000E-06,+567.94974580E-03,+56.31909706E-03
-14.07500E-06,+567.94974580E-03,+48.27889614E-03
-14.05000E-06,+565.33668051E-03,+56.31909706E-03
-14.02500E-06,+567.94974580E-03,+52.29899660E-03
-14.00000E-06,+567.94974580E-03,+52.29899660E-03
-13.97500E-06,+562.72361521E-03,+49.28392125E-03
-13.95000E-06,+565.33668050E-03,+50.28894637E-03
-13.92500E-06,+561.41708256E-03,+52.29899660E-03
-13.90000E-06,+567.94974580E-03,+52.29899660E-03
-13.87500E-06,+564.03014786E-03,+52.29899660E-03
-13.85000E-06,+565.33668050E-03,+52.29899660E-03
-13.82500E-06,+557.49748461E-03,+48.27889614E-03
-13.80000E-06,+557.49748461E-03,+48.27889614E-03
-13.77500E-06,+553.57788666E-03,+52.29899660E-03
-13.75000E-06,+557.49748461E-03,+50.28894637E-03
-13.72500E-06,+557.49748461E-03,+55.31407194E-03
-13.70000E-06,+552.27135401E-03,+48.27889614E-03
-13.67500E-06,+557.49748461E-03,+48.27889614E-03
-13.65000E-06,+557.49748461E-03,+52.29899660E-03
-13.62500E-06,+557.49748461E-03,+52.29899660E-03
-13.60000E-06,+557.49748461E-03,+52.29899660E-03
-13.57500E-06,+556.19095196E-03,+52.29899660E-03
-13.55000E-06,+552.27135401E-03,+50.28894637E-03
-13.52500E-06,+557.49748461E-03,+52.29899660E-03
-13.50000E-06,+552.27135401E-03,+52.29899660E-03
-13.47500E-06,+547.04522341E-03,+49.28392125E-03
-13.45000E-06,+549.65828872E-03,+48.27889614E-03
-13.42500E-06,+552.27135401E-03,+52.29899660E-03
-13.40000E-06,+547.04522341E-03,+48.27889614E-03
-13.37500E-06,+547.04522341E-03,+52.29899660E-03
-13.35000E-06,+541.81909282E-03,+46.26884591E-03
-13.32500E-06,+543.12562547E-03,+48.27889614E-03
-13.30000E-06,+541.81909282E-03,+48.27889614E-03
-13.27500E-06,+547.04522341E-03,+48.27889614E-03
-13.25000E-06,+547.04522341E-03,+52.29899660E-03
-13.22500E-06,+541.81909282E-03,+51.29397148E-03
-13.20000E-06,+541.81909282E-03,+44.25879568E-03
-13.17500E-06,+541.81909282E-03,+48.27889614E-03
-13.15000E-06,+536.59296222E-03,+48.27889614E-03
-13.12500E-06,+547.04522341E-03,+45.26382079E-03
-13.10000E-06,+552.27135401E-03,+68.37939843E-03
-13.07500E-06,+547.04522341E-03,+51.29397148E-03
-13.05000E-06,+549.65828872E-03,+44.25879568E-03
-13.02500E-06,+536.59296222E-03,+40.23869522E-03
-13.00000E-06,+541.81909282E-03,+40.23869522E-03
-12.97500E-06,+536.59296222E-03,+43.25377056E-03
-12.95000E-06,+536.59296222E-03,+46.26884591E-03
-12.92500E-06,+531.36683162E-03,+44.25879568E-03
-12.90000E-06,+531.36683162E-03,+44.25879568E-03
-12.87500E-06,+531.36683162E-03,+44.25879568E-03
-12.85000E-06,+526.14070103E-03,+46.26884591E-03
-12.82500E-06,+527.44723367E-03,+44.25879568E-03
-12.80000E-06,+536.59296222E-03,+44.25879568E-03
-12.77500E-06,+531.36683162E-03,+44.25879568E-03
-12.75000E-06,+528.75376632E-03,+46.26884591E-03
-12.72500E-06,+526.14070103E-03,+44.25879568E-03
-12.70000E-06,+526.14070103E-03,+44.25879568E-03
-12.67500E-06,+526.14070103E-03,+44.25879568E-03
-12.65000E-06,+526.14070103E-03,+42.24874545E-03
-12.62500E-06,+526.14070103E-03,+41.24372033E-03
-12.60000E-06,+526.14070102E-03,+44.25879568E-03
-12.57500E-06,+520.91457043E-03,+39.23367010E-03
-12.55000E-06,+520.91457043E-03,+42.24874545E-03
-12.52500E-06,+520.91457043E-03,+41.24372033E-03
-12.50000E-06,+526.14070102E-03,+44.25879568E-03
-12.47500E-06,+519.60803778E-03,+44.25879568E-03
-12.45000E-06,+518.30150513E-03,+40.23869522E-03
-12.42500E-06,+515.68843983E-03,+39.23367011E-03
-12.40000E-06,+515.68843983E-03,+40.23869522E-03
-12.37500E-06,+515.68843983E-03,+44.25879568E-03
-12.35000E-06,+515.68843983E-03,+40.23869522E-03
-12.32500E-06,+515.68843983E-03,+44.25879568E-03
-12.30000E-06,+515.68843983E-03,+40.23869522E-03
-12.27500E-06,+515.68843983E-03,+40.23869522E-03
-12.25000E-06,+515.68843983E-03,+40.23869522E-03
-12.22500E-06,+514.38190718E-03,+40.23869522E-03
-12.20000E-06,+510.46230923E-03,+40.23869522E-03
-12.17500E-06,+505.23617864E-03,+40.23869522E-03
-12.15000E-06,+507.84924393E-03,+44.25879568E-03
-12.12500E-06,+506.54271128E-03,+40.23869522E-03
-12.10000E-06,+505.23617864E-03,+40.23869522E-03
-12.07500E-06,+506.54271129E-03,+36.21859476E-03
-12.05000E-06,+507.84924393E-03,+44.25879568E-03
-12.02500E-06,+505.23617864E-03,+37.22361987E-03
-12.00000E-06,+505.23617864E-03,+36.21859476E-03
-11.97500E-06,+500.01004804E-03,+40.23869522E-03
-11.95000E-06,+505.23617864E-03,+38.22864499E-03
-11.92500E-06,+503.92964599E-03,+37.22361987E-03
-11.90000E-06,+505.23617864E-03,+40.23869522E-03
-11.87500E-06,+500.01004804E-03,+36.21859476E-03
-11.85000E-06,+500.01004804E-03,+40.23869522E-03
-11.82500E-06,+494.78391744E-03,+40.23869522E-03
-11.80000E-06,+494.78391744E-03,+40.23869522E-03
-11.77500E-06,+505.23617864E-03,+55.31407194E-03
-11.75000E-06,+500.01004804E-03,+38.22864499E-03
-11.72500E-06,+488.25125420E-03,+43.25377057E-03
-11.70000E-06,+489.55778684E-03,+32.19849430E-03
-11.67500E-06,+488.25125419E-03,+36.21859476E-03
-11.65000E-06,+500.01004804E-03,+36.21859476E-03
-11.62500E-06,+489.55778684E-03,+37.22361987E-03
-11.60000E-06,+500.01004804E-03,+36.21859476E-03
-11.57500E-06,+494.78391744E-03,+36.21859476E-03
-11.55000E-06,+489.55778684E-03,+36.21859476E-03
-11.52500E-06,+488.25125420E-03,+35.21356965E-03
-11.50000E-06,+489.55778684E-03,+36.21859476E-03
-11.47500E-06,+489.55778684E-03,+32.19849430E-03
-11.45000E-06,+489.55778684E-03,+36.21859476E-03
-11.42500E-06,+485.63818889E-03,+37.22361987E-03
-11.40000E-06,+484.33165625E-03,+36.21859476E-03
-11.37500E-06,+485.63818890E-03,+35.21356964E-03
-11.35000E-06,+481.71859095E-03,+36.21859476E-03
-11.32500E-06,+484.33165625E-03,+35.21356965E-03
-11.30000E-06,+479.10552565E-03,+36.21859476E-03
-11.27500E-06,+480.41205830E-03,+32.19849430E-03
-11.25000E-06,+479.10552565E-03,+32.19849430E-03
-11.22500E-06,+479.10552565E-03,+36.21859476E-03
-11.20000E-06,+479.10552565E-03,+32.19849430E-03
-11.17500E-06,+479.10552565E-03,+36.21859476E-03
-11.15000E-06,+479.10552565E-03,+36.21859476E-03
-11.12500E-06,+479.10552565E-03,+35.21356965E-03
-11.10000E-06,+473.87939505E-03,+36.21859476E-03
-11.07500E-06,+475.18592770E-03,+32.19849430E-03
-11.05000E-06,+473.87939505E-03,+32.19849430E-03
-11.02500E-06,+473.87939505E-03,+32.19849430E-03
-11.00000E-06,+468.65326446E-03,+32.19849430E-03
-10.97500E-06,+475.18592770E-03,+28.17839384E-03
-10.95000E-06,+471.26632976E-03,+30.18844407E-03
-10.92500E-06,+473.87939505E-03,+32.19849430E-03
-10.90000E-06,+468.65326446E-03,+28.17839384E-03
-10.87500E-06,+468.65326446E-03,+31.19346918E-03
-10.85000E-06,+471.26632976E-03,+34.20854453E-03
-10.82500E-06,+464.73366651E-03,+29.18341895E-03
-10.80000E-06,+463.42713386E-03,+32.19849430E-03
-10.77500E-06,+467.34673180E-03,+32.19849430E-03
-10.75000E-06,+466.04019915E-03,+30.18844407E-03
-10.72500E-06,+463.42713386E-03,+28.17839384E-03
-10.70000E-06,+463.42713386E-03,+32.19849430E-03
-10.67500E-06,+463.42713386E-03,+29.18341896E-03
-10.65000E-06,+458.20100326E-03,+28.17839384E-03
-10.62500E-06,+459.50753591E-03,+28.17839384E-03
-10.60000E-06,+463.42713386E-03,+28.17839384E-03
-10.57500E-06,+459.50753591E-03,+32.19849430E-03
-10.55000E-06,+458.20100326E-03,+30.18844407E-03
-10.52500E-06,+458.20100326E-03,+28.17839384E-03
-10.50000E-06,+452.97487266E-03,+28.17839384E-03
-10.47500E-06,+458.20100326E-03,+32.19849430E-03
-10.45000E-06,+452.97487266E-03,+34.20854453E-03
-10.42500E-06,+463.42713386E-03,+36.21859476E-03
-10.40000E-06,+468.65326445E-03,+20.13819292E-03
-10.37500E-06,+462.12060121E-03,+16.11809246E-03
-10.35000E-06,+452.97487266E-03,+16.11809246E-03
-10.32500E-06,+452.97487266E-03,+20.13819292E-03
-10.30000E-06,+447.74874207E-03,+28.17839384E-03
-10.27500E-06,+447.74874207E-03,+32.19849430E-03
-10.25000E-06,+450.36180736E-03,+28.17839384E-03
-10.22500E-06,+451.66834002E-03,+29.18341895E-03
-10.20000E-06,+442.52261147E-03,+28.17839384E-03
-10.17500E-06,+447.74874207E-03,+28.17839384E-03
-10.15000E-06,+447.74874207E-03,+26.16834361E-03
-10.12500E-06,+447.74874207E-03,+28.17839384E-03
-10.10000E-06,+447.74874207E-03,+28.17839384E-03
-10.07500E-06,+443.82914412E-03,+30.18844407E-03
-10.05000E-06,+442.52261147E-03,+24.15829338E-03
-10.02500E-06,+442.52261147E-03,+23.15326827E-03
-10.00000E-06,+442.52261147E-03,+28.17839384E-03
-9.97500E-06,+437.29648087E-03,+24.15829338E-03
-9.95000E-06,+442.52261147E-03,+24.15829338E-03
-9.92500E-06,+437.29648087E-03,+24.15829338E-03
-9.90000E-06,+442.52261147E-03,+28.17839384E-03
-9.87500E-06,+441.21607882E-03,+24.15829338E-03
-9.85000E-06,+437.29648087E-03,+22.14824315E-03
-9.82500E-06,+433.37688292E-03,+20.13819292E-03
-9.80000E-06,+437.29648087E-03,+24.15829338E-03
-9.77500E-06,+432.07035027E-03,+24.15829338E-03
-9.75000E-06,+434.68341557E-03,+26.16834361E-03
-9.72500E-06,+432.07035027E-03,+24.15829338E-03
-9.70000E-06,+432.07035027E-03,+20.13819292E-03
-9.67500E-06,+432.07035027E-03,+21.14321804E-03
-9.65000E-06,+432.07035027E-03,+20.13819292E-03
-9.62500E-06,+428.15075232E-03,+21.14321803E-03
-9.60000E-06,+426.84421968E-03,+24.15829338E-03
-9.57500E-06,+426.84421968E-03,+20.13819292E-03
-9.55000E-06,+432.07035027E-03,+22.14824315E-03
-9.52500E-06,+426.84421968E-03,+23.15326827E-03
-9.50000E-06,+426.84421968E-03,+24.15829338E-03
-9.47500E-06,+426.84421968E-03,+24.15829338E-03
-9.45000E-06,+426.84421968E-03,+20.13819292E-03
-9.42500E-06,+421.61808908E-03,+20.13819292E-03
-9.40000E-06,+421.61808908E-03,+20.13819292E-03
-9.37500E-06,+421.61808908E-03,+24.15829338E-03
-9.35000E-06,+419.00502378E-03,+18.12814269E-03
-9.32500E-06,+417.69849113E-03,+23.15326827E-03
-9.30000E-06,+421.61808908E-03,+24.15829338E-03
-9.27500E-06,+421.61808908E-03,+20.13819292E-03
-9.25000E-06,+419.00502378E-03,+20.13819292E-03
-9.22500E-06,+416.39195848E-03,+20.13819292E-03
-9.20000E-06,+416.39195848E-03,+20.13819292E-03
-9.17500E-06,+415.08542583E-03,+21.14321804E-03
-9.15000E-06,+411.16582789E-03,+20.13819292E-03
-9.12500E-06,+411.16582789E-03,+17.12311758E-03
-9.10000E-06,+411.16582789E-03,+20.13819292E-03
-9.07500E-06,+420.31155643E-03,+19.13316781E-03
-9.05000E-06,+426.84421968E-03,+16.11809246E-03
-9.02500E-06,+420.31155643E-03,+24.15829338E-03
-9.00000E-06,+411.16582789E-03,+24.15829338E-03
-8.97500E-06,+402.02009934E-03,+20.13819292E-03
-8.95000E-06,+408.55276258E-03,+14.10804223E-03
-8.92500E-06,+404.63316464E-03,+15.11306735E-03
-8.90000E-06,+411.16582788E-03,+16.11809246E-03
-8.87500E-06,+411.16582789E-03,+16.11809246E-03
-8.85000E-06,+405.93969729E-03,+16.11809246E-03
-8.82500E-06,+405.93969729E-03,+16.11809246E-03
-8.80000E-06,+400.71356669E-03,+12.09799201E-03
-8.77500E-06,+405.93969729E-03,+16.11809246E-03
-8.75000E-06,+403.32663199E-03,+16.11809246E-03
-8.72500E-06,+400.71356669E-03,+16.11809246E-03
-8.70000E-06,+400.71356669E-03,+20.13819292E-03
-8.67500E-06,+400.71356669E-03,+12.09799200E-03
-8.65000E-06,+398.10050139E-03,+12.09799200E-03
-8.62500E-06,+404.63316464E-03,+12.09799200E-03
-8.60000E-06,+395.48743609E-03,+12.09799200E-03
-8.57500E-06,+400.71356669E-03,+16.11809246E-03
-8.55000E-06,+395.48743609E-03,+12.09799200E-03
-8.52500E-06,+395.48743609E-03,+15.11306735E-03
-8.50000E-06,+395.48743609E-03,+12.09799200E-03
-8.47500E-06,+394.18090344E-03,+12.09799200E-03
-8.45000E-06,+390.26130550E-03,+16.11809246E-03
-8.42500E-06,+390.26130550E-03,+12.09799200E-03
-8.40000E-06,+385.03517490E-03,+12.09799200E-03
-8.37500E-06,+390.26130550E-03,+12.09799200E-03
-8.35000E-06,+390.26130550E-03,+12.09799200E-03
-8.32500E-06,+385.03517490E-03,+9.08291666E-03
-8.30000E-06,+385.03517490E-03,+8.07789154E-03
-8.27500E-06,+379.80904430E-03,+12.09799200E-03
-8.25000E-06,+382.42210960E-03,+12.09799200E-03
-8.22500E-06,+386.34170755E-03,+8.07789154E-03
-8.20000E-06,+390.26130549E-03,+8.07789154E-03
-8.17500E-06,+385.03517490E-03,+12.09799200E-03
-8.15000E-06,+379.80904430E-03,+8.07789154E-03
-8.12500E-06,+379.80904430E-03,+12.09799200E-03
-8.10000E-06,+379.80904430E-03,+12.09799200E-03
-8.07500E-06,+381.11557695E-03,+12.09799200E-03
-8.05000E-06,+379.80904430E-03,+8.07789154E-03
-8.02500E-06,+379.80904430E-03,+12.09799200E-03
-8.00000E-06,+379.80904430E-03,+12.09799200E-03
-7.97500E-06,+375.88944636E-03,+8.07789154E-03
-7.95000E-06,+374.58291370E-03,+8.07789154E-03
-7.92500E-06,+373.27638106E-03,+8.07789154E-03
-7.90000E-06,+374.58291371E-03,+12.09799200E-03
-7.87500E-06,+369.35678311E-03,+9.08291666E-03
-7.85000E-06,+374.58291370E-03,+6.06784132E-03
-7.82500E-06,+373.27638106E-03,+11.09296689E-03
-7.80000E-06,+369.35678311E-03,+8.07789155E-03
-7.77500E-06,+365.43718516E-03,+8.07789154E-03
-7.75000E-06,+364.13065251E-03,-1.97235961E-03
-7.72500E-06,+369.35678311E-03,+5.06281620E-03
-7.70000E-06,+358.90452191E-03,-20.06281166E-03
-7.67500E-06,+364.13065251E-03,+1.04271574E-03
-7.65000E-06,+361.51758721E-03,+10.08794178E-03
-7.62500E-06,+362.82411986E-03,+15.11306735E-03
-7.60000E-06,+358.90452192E-03,+12.09799200E-03
-7.57500E-06,+358.90452191E-03,+12.09799200E-03
-7.55000E-06,+364.13065251E-03,+8.07789154E-03
-7.52500E-06,+358.90452191E-03,+7.07286643E-03
-7.50000E-06,+358.90452192E-03,+4.05779108E-03
-7.47500E-06,+358.90452191E-03,+5.06281620E-03
-7.45000E-06,+358.90452191E-03,+6.06784131E-03
-7.42500E-06,+360.21105456E-03,+4.05779108E-03
-7.40000E-06,+358.90452191E-03,+4.05779108E-03
-7.37500E-06,+358.90452191E-03,+8.07789154E-03
-7.35000E-06,+358.90452191E-03,+2.04774085E-03
-7.32500E-06,+358.90452191E-03,+4.05779108E-03
-7.30000E-06,+358.90452191E-03,+4.05779108E-03
-7.27500E-06,+353.67839132E-03,+7.07286643E-03
-7.25000E-06,+353.67839132E-03,+4.05779108E-03
-7.22500E-06,+352.37185867E-03,+4.05779108E-03
-7.20000E-06,+358.90452191E-03,+4.05779108E-03
-7.17500E-06,+349.75879337E-03,+4.05779108E-03
-7.15000E-06,+348.45226072E-03,+37.69062E-06
-7.12500E-06,+352.37185867E-03,+1.04271574E-03
-7.10000E-06,+343.22613012E-03,+4.05779108E-03
-7.07500E-06,+348.45226072E-03,+37.69062E-06
-7.05000E-06,+348.45226072E-03,+4.05779108E-03
-7.02500E-06,+348.45226072E-03,+3.05276597E-03
-7.00000E-06,+343.22613012E-03,+37.69062E-06
-6.97500E-06,+344.53266277E-03,+4.05779108E-03
-6.95000E-06,+343.22613012E-03,+4.05779108E-03
-6.92500E-06,+343.22613012E-03,+37.69062E-06
-6.90000E-06,+343.22613012E-03,+37.69062E-06
-6.87500E-06,+343.22613012E-03,+37.69062E-06
-6.85000E-06,+340.61306482E-03,+37.69062E-06
-6.82500E-06,+339.30653217E-03,+3.05276597E-03
-6.80000E-06,+337.99999952E-03,+37.69062E-06
-6.77500E-06,+337.99999952E-03,+37.69062E-06
-6.75000E-06,+337.99999952E-03,-3.98240983E-03
-6.72500E-06,+334.08040157E-03,+37.69062E-06
-6.70000E-06,+332.77386893E-03,+37.69062E-06
-6.67500E-06,+336.69346687E-03,-967.33449E-06
-6.65000E-06,+332.77386893E-03,-1.97235960E-03
-6.62500E-06,+332.77386893E-03,-2.97738472E-03
-6.60000E-06,+332.77386892E-03,-3.98240983E-03
-6.57500E-06,+332.77386893E-03,-3.98240983E-03
-6.55000E-06,+332.77386893E-03,-3.98240983E-03
-6.52500E-06,+332.77386893E-03,-2.97738472E-03
-6.50000E-06,+332.77386892E-03,-3.98240983E-03
-6.47500E-06,+327.54773833E-03,-967.33449E-06
-6.45000E-06,+322.32160773E-03,-3.98240983E-03
-6.42500E-06,+327.54773833E-03,+37.69062E-06
-6.40000E-06,+322.32160773E-03,-8.00251029E-03
-6.37500E-06,+307.94974859E-03,-21.06783679E-03
-6.35000E-06,+330.16080362E-03,-5.99246007E-03
-6.32500E-06,+328.85427098E-03,+37.69062E-06
-6.30000E-06,+327.54773833E-03,+4.05779108E-03
-6.27500E-06,+331.46733627E-03,+37.69062E-06
-6.25000E-06,+327.54773833E-03,-3.98240983E-03
-6.22500E-06,+317.09547713E-03,-8.00251029E-03
-6.20000E-06,+317.09547714E-03,-8.00251029E-03
-6.17500E-06,+317.09547713E-03,-3.98240983E-03
-6.15000E-06,+317.09547713E-03,-10.01256053E-03
-6.12500E-06,+317.09547713E-03,-8.00251029E-03
-6.10000E-06,+317.09547713E-03,-8.00251029E-03
-6.07500E-06,+321.01507508E-03,-4.98743495E-03
-6.05000E-06,+314.48241184E-03,-5.99246007E-03
-6.02500E-06,+311.86934654E-03,-3.98240983E-03
-6.00000E-06,+311.86934654E-03,-8.00251029E-03
-5.97500E-06,+311.86934654E-03,-3.98240983E-03
-5.95000E-06,+311.86934654E-03,-10.01256052E-03
-5.92500E-06,+306.64321594E-03,-8.00251029E-03
-5.90000E-06,+311.86934653E-03,-8.00251029E-03
-5.87500E-06,+310.56281388E-03,-6.99748518E-03
-5.85000E-06,+306.64321594E-03,-5.99246006E-03
-5.82500E-06,+307.94974859E-03,-9.00753541E-03
-5.80000E-06,+306.64321594E-03,-8.00251029E-03
-5.77500E-06,+305.33668329E-03,-12.02261075E-03
-5.75000E-06,+301.41708534E-03,-3.98240983E-03
-5.72500E-06,+301.41708534E-03,-8.00251029E-03
-5.70000E-06,+301.41708534E-03,-8.00251029E-03
-5.67500E-06,+301.41708534E-03,-12.02261075E-03
-5.65000E-06,+301.41708534E-03,-12.02261075E-03
-5.62500E-06,+301.41708534E-03,-8.00251029E-03
-5.60000E-06,+296.19095475E-03,-8.00251029E-03
-5.57500E-06,+292.27135680E-03,-9.00753541E-03
-5.55000E-06,+296.19095474E-03,-10.01256053E-03
-5.52500E-06,+300.11055270E-03,-12.02261075E-03
-5.50000E-06,+296.19095474E-03,-8.00251030E-03
-5.47500E-06,+296.19095474E-03,-12.02261075E-03
-5.45000E-06,+290.96482415E-03,-12.02261075E-03
-5.42500E-06,+296.19095474E-03,-12.02261075E-03
-5.40000E-06,+296.19095474E-03,-12.02261075E-03
-5.37500E-06,+290.96482415E-03,-9.00753541E-03
-5.35000E-06,+288.35175885E-03,-10.01256053E-03
-5.32500E-06,+290.96482415E-03,-16.04271121E-03
-5.30000E-06,+285.73869355E-03,-12.02261075E-03
-5.27500E-06,+290.96482415E-03,-16.04271121E-03
-5.25000E-06,+283.12562825E-03,-16.04271122E-03
-5.22500E-06,+285.73869355E-03,-13.02763587E-03
-5.20000E-06,+285.73869355E-03,-12.02261075E-03
-5.17500E-06,+284.43216090E-03,-15.03768610E-03
-5.15000E-06,+280.51256295E-03,-16.04271121E-03
-5.12500E-06,+285.73869355E-03,-16.04271121E-03
-5.10000E-06,+280.51256295E-03,-20.06281167E-03
-5.07500E-06,+284.43216090E-03,-13.02763587E-03
-5.05000E-06,+280.51256295E-03,-22.07286190E-03
-5.02500E-06,+270.06030176E-03,-39.15828886E-03
-5.00000E-06,+270.06030176E-03,-3.98240983E-03
-4.97500E-06,+270.06030176E-03,-3.98240983E-03
-4.95000E-06,+275.28643236E-03,-5.99246007E-03
-4.92500E-06,+279.20603031E-03,-14.03266099E-03
-4.90000E-06,+275.28643236E-03,-16.04271122E-03
-4.87500E-06,+275.28643236E-03,-20.06281167E-03
-4.85000E-06,+270.06030176E-03,-16.04271121E-03
-4.82500E-06,+273.97989971E-03,-16.04271121E-03
-4.80000E-06,+270.06030176E-03,-16.04271121E-03
-4.77500E-06,+270.06030176E-03,-20.06281167E-03
-4.75000E-06,+270.06030176E-03,-16.04271121E-03
-4.72500E-06,+268.75376911E-03,-20.06281167E-03
-4.70000E-06,+264.83417116E-03,-16.04271121E-03
-4.67500E-06,+264.83417116E-03,-20.06281167E-03
-4.65000E-06,+264.83417116E-03,-18.05276144E-03
-4.62500E-06,+263.52763851E-03,-16.04271121E-03
-4.60000E-06,+264.83417116E-03,-16.04271121E-03
-4.57500E-06,+264.83417116E-03,-16.04271121E-03
-4.55000E-06,+259.60804056E-03,-18.05276144E-03
-4.52500E-06,+264.83417116E-03,-20.06281167E-03
-4.50000E-06,+259.60804056E-03,-24.08291213E-03
-4.47500E-06,+259.60804056E-03,-17.04773633E-03
-4.45000E-06,+259.60804056E-03,-20.06281167E-03
-4.42500E-06,+255.68844261E-03,-23.07788702E-03
-4.40000E-06,+254.38190997E-03,-20.06281167E-03
-4.37500E-06,+254.38190997E-03,-17.04773633E-03
-4.35000E-06,+259.60804056E-03,-20.06281167E-03
-4.32500E-06,+254.38190997E-03,-20.06281167E-03
-4.30000E-06,+254.38190997E-03,-24.08291213E-03
-4.27500E-06,+250.46231202E-03,-24.08291213E-03
-4.25000E-06,+249.15577937E-03,-20.06281167E-03
-4.22500E-06,+254.38190997E-03,-20.06281167E-03
-4.20000E-06,+249.15577937E-03,-24.08291213E-03
-4.17500E-06,+249.15577937E-03,-20.06281167E-03
-4.15000E-06,+249.15577937E-03,-22.07286190E-03
-4.12500E-06,+249.15577937E-03,-17.04773633E-03
-4.10000E-06,+243.92964877E-03,-24.08291213E-03
-4.07500E-06,+243.92964877E-03,-24.08291213E-03
-4.05000E-06,+243.92964877E-03,-22.07286190E-03
-4.02500E-06,+242.62311613E-03,-27.09798748E-03
-4.00000E-06,+243.92964877E-03,-24.08291213E-03
-3.97500E-06,+242.62311612E-03,-23.07788702E-03
-3.95000E-06,+241.31658348E-03,-24.08291213E-03
-3.92500E-06,+243.92964877E-03,-24.08291213E-03
-3.90000E-06,+238.70351817E-03,-24.08291213E-03
-3.87500E-06,+238.70351817E-03,-24.08291213E-03
-3.85000E-06,+238.70351817E-03,-24.08291213E-03
-3.82500E-06,+238.70351817E-03,-28.10301259E-03
-3.80000E-06,+233.47738758E-03,-24.08291213E-03
-3.77500E-06,+232.17085493E-03,-28.10301259E-03
-3.75000E-06,+233.47738758E-03,-24.08291213E-03
-3.72500E-06,+233.47738758E-03,-25.08793725E-03
-3.70000E-06,+228.25125698E-03,-32.12311305E-03
-3.67500E-06,+228.25125698E-03,-22.07286190E-03
-3.65000E-06,+217.79899579E-03,-30.11306282E-03
-3.62500E-06,+224.33165903E-03,-28.10301259E-03
-3.60000E-06,+228.25125698E-03,-32.12311305E-03
-3.57500E-06,+232.17085493E-03,-24.08291213E-03
-3.55000E-06,+228.25125698E-03,-24.08291213E-03
-3.52500E-06,+228.25125698E-03,-28.10301259E-03
-3.50000E-06,+228.25125698E-03,-28.10301259E-03
-3.47500E-06,+223.02512638E-03,-31.11808793E-03
-3.45000E-06,+223.02512638E-03,-26.09296236E-03
-3.42500E-06,+223.02512638E-03,-28.10301259E-03
-3.40000E-06,+223.02512638E-03,-28.10301259E-03
-3.37500E-06,+217.79899579E-03,-24.08291213E-03
-3.35000E-06,+220.41206108E-03,-30.11306282E-03
-3.32500E-06,+219.10552843E-03,-28.10301259E-03
-3.30000E-06,+217.79899578E-03,-28.10301259E-03
-3.27500E-06,+217.79899579E-03,-28.10301259E-03
-3.25000E-06,+217.79899579E-03,-26.09296236E-03
-3.22500E-06,+212.57286519E-03,-32.12311305E-03
-3.20000E-06,+217.79899579E-03,-28.10301259E-03
-3.17500E-06,+211.26633254E-03,-32.12311305E-03
-3.15000E-06,+212.57286519E-03,-30.11306282E-03
-3.12500E-06,+212.57286519E-03,-28.10301259E-03
-3.10000E-06,+212.57286519E-03,-28.10301259E-03
-3.07500E-06,+207.34673459E-03,-28.10301259E-03
-3.05000E-06,+207.34673459E-03,-32.12311305E-03
-3.02500E-06,+207.34673459E-03,-32.12311305E-03
-3.00000E-06,+212.57286519E-03,-32.12311305E-03
-2.97500E-06,+206.04020194E-03,-28.10301259E-03
-2.95000E-06,+207.34673459E-03,-32.12311305E-03
-2.92500E-06,+202.12060399E-03,-33.12813816E-03
-2.90000E-06,+202.12060399E-03,-36.14321351E-03
-2.87500E-06,+202.12060399E-03,-32.12311305E-03
-2.85000E-06,+202.12060399E-03,-32.12311305E-03
-2.82500E-06,+200.81407135E-03,-27.09798748E-03
-2.80000E-06,+196.89447340E-03,-32.12311305E-03
-2.77500E-06,+196.89447340E-03,-32.12311305E-03
-2.75000E-06,+202.12060399E-03,-34.13316328E-03
-2.72500E-06,+196.89447340E-03,-32.12311305E-03
-2.70000E-06,+196.89447340E-03,-36.14321351E-03
-2.67500E-06,+191.66834280E-03,-36.14321351E-03
-2.65000E-06,+194.28140810E-03,-36.14321351E-03
-2.62500E-06,+196.89447340E-03,-32.12311305E-03
-2.60000E-06,+191.66834280E-03,-36.14321351E-03
-2.57500E-06,+186.44221220E-03,-32.12311305E-03
-2.55000E-06,+189.05527750E-03,-32.12311305E-03
-2.52500E-06,+187.74874485E-03,-32.12311305E-03
-2.50000E-06,+186.44221220E-03,-36.14321351E-03
-2.47500E-06,+187.74874485E-03,-36.14321351E-03
-2.45000E-06,+186.44221220E-03,-32.12311305E-03
-2.42500E-06,+179.90954896E-03,-35.13818840E-03
-2.40000E-06,+181.21608161E-03,-36.14321351E-03
-2.37500E-06,+186.44221220E-03,-35.13818839E-03
-2.35000E-06,+186.44221220E-03,-24.08291213E-03
-2.32500E-06,+175.98995101E-03,-30.11306282E-03
-2.30000E-06,+181.21608161E-03,-12.02261076E-03
-2.27500E-06,+186.44221220E-03,-29.10803771E-03
-2.25000E-06,+181.21608160E-03,-42.17336420E-03
-2.22500E-06,+181.21608160E-03,-43.17838932E-03
-2.20000E-06,+175.98995101E-03,-44.18341443E-03
-2.17500E-06,+172.07035306E-03,-44.18341443E-03
-2.15000E-06,+175.98995101E-03,-40.16331397E-03
-2.12500E-06,+175.98995101E-03,-37.14823862E-03
-2.10000E-06,+175.98995101E-03,-40.16331397E-03
-2.07500E-06,+174.68341836E-03,-36.14321351E-03
-2.05000E-06,+170.76382041E-03,-36.14321351E-03
-2.02500E-06,+169.45728776E-03,-36.14321351E-03
-2.00000E-06,+170.76382041E-03,-40.16331397E-03
-1.97500E-06,+170.76382041E-03,-39.15828885E-03
-1.95000E-06,+170.76382041E-03,-40.16331397E-03
-1.92500E-06,+164.23115717E-03,-40.16331397E-03
-1.90000E-06,+165.53768981E-03,-40.16331397E-03
-1.87500E-06,+161.61809187E-03,-40.16331397E-03
-1.85000E-06,+160.31155922E-03,-40.16331397E-03
-1.82500E-06,+164.23115717E-03,-40.16331397E-03
-1.80000E-06,+165.53768981E-03,-40.16331397E-03
-1.77500E-06,+160.31155922E-03,-40.16331397E-03
-1.75000E-06,+160.31155922E-03,-38.15326374E-03
-1.72500E-06,+160.31155922E-03,-37.14823862E-03
-1.70000E-06,+165.53768981E-03,-40.16331397E-03
-1.67500E-06,+156.39196127E-03,-41.16833909E-03
-1.65000E-06,+155.08542862E-03,-44.18341443E-03
-1.62500E-06,+155.08542862E-03,-40.16331397E-03
-1.60000E-06,+155.08542862E-03,-40.16331397E-03
-1.57500E-06,+155.08542862E-03,-44.18341443E-03
-1.55000E-06,+149.85929802E-03,-40.16331397E-03
-1.52500E-06,+153.77889597E-03,-40.16331397E-03
-1.50000E-06,+149.85929802E-03,-40.16331397E-03
-1.47500E-06,+153.77889597E-03,-44.18341443E-03
-1.45000E-06,+149.85929802E-03,-42.17336420E-03
-1.42500E-06,+144.63316742E-03,-40.16331397E-03
-1.40000E-06,+144.63316742E-03,-48.20351489E-03
-1.37500E-06,+144.63316742E-03,-44.18341443E-03
-1.35000E-06,+144.63316742E-03,-44.18341443E-03
-1.32500E-06,+145.93970007E-03,-47.19848978E-03
-1.30000E-06,+144.63316742E-03,-44.18341443E-03
-1.27500E-06,+148.55276537E-03,-40.16331397E-03
-1.25000E-06,+144.63316742E-03,-44.18341443E-03
-1.22500E-06,+139.40703683E-03,-44.18341443E-03
-1.20000E-06,+139.40703683E-03,-44.18341443E-03
-1.17500E-06,+139.40703683E-03,-44.18341443E-03
-1.15000E-06,+136.79397153E-03,-44.18341443E-03
-1.12500E-06,+128.95477563E-03,-48.20351489E-03
-1.10000E-06,+134.18090623E-03,-48.20351489E-03
-1.07500E-06,+135.48743888E-03,-47.19848977E-03
-1.05000E-06,+134.18090623E-03,-44.18341443E-03
-1.02500E-06,+130.26130828E-03,-49.20854000E-03
-1.00000E-06,+128.95477563E-03,-48.20351488E-03
-975.00E-09,+135.48743888E-03,-29.10803771E-03
-950.00E-09,+121.11557974E-03,-46.19346466E-03
-925.00E-09,+114.58291649E-03,-56.24371581E-03
-900.00E-09,+123.72864503E-03,-52.22361535E-03
-875.00E-09,+125.03517769E-03,-52.22361535E-03
-850.00E-09,+128.95477563E-03,-44.18341443E-03
-825.00E-09,+123.72864503E-03,-48.20351489E-03
-800.00E-09,+123.72864503E-03,-44.18341443E-03
-775.00E-09,+123.72864503E-03,-47.19848977E-03
-750.00E-09,+118.50251444E-03,-56.24371581E-03
-725.00E-09,+118.50251444E-03,-52.22361535E-03
-700.00E-09,+118.50251444E-03,-48.20351489E-03
-675.00E-09,+118.50251444E-03,-51.21859023E-03
-650.00E-09,+118.50251444E-03,-48.20351489E-03
-625.00E-09,+119.80904708E-03,-52.22361535E-03
-600.00E-09,+118.50251444E-03,-52.22361535E-03
-575.00E-09,+119.80904709E-03,-48.20351489E-03
-550.00E-09,+118.50251444E-03,-48.20351489E-03
-525.00E-09,+113.27638384E-03,-48.20351489E-03
-500.00E-09,+113.27638384E-03,-48.20351489E-03
-475.00E-09,+113.27638384E-03,-52.22361535E-03
-450.00E-09,+115.88944914E-03,-46.19346466E-03
-425.00E-09,+113.27638384E-03,-44.18341443E-03
-400.00E-09,+113.27638384E-03,-48.20351489E-03
-375.00E-09,+108.05025324E-03,-48.20351489E-03
-350.00E-09,+108.05025324E-03,-52.22361535E-03
-325.00E-09,+108.05025324E-03,-48.20351489E-03
-300.00E-09,+108.05025324E-03,-52.22361535E-03
-275.00E-09,+102.82412264E-03,-52.22361535E-03
-250.00E-09,+108.05025324E-03,-48.20351489E-03
-225.00E-09,+104.13065529E-03,-48.20351489E-03
-200.00E-09,+108.05025324E-03,-48.20351489E-03
-175.00E-09,+98.90452470E-03,-52.22361535E-03
-150.00E-09,+97.59799205E-03,-52.22361535E-03
-125.00E-09,+98.90452469E-03,-52.22361535E-03
-100.00E-09,+102.82412264E-03,-52.22361535E-03
-75.00E-09,+97.59799205E-03,-53.22864047E-03
-50.00E-09,+97.59799205E-03,-56.24371581E-03
-25.00E-09,+96.29145940E-03,-52.22361535E-03
+0.0E+00,+102.82412265E-03,-52.22361535E-03
+25.00E-09,+181.21608161E-03,-74.33416786E-03
+50.00E-09,+118.50251444E-03,-56.24371580E-03
+75.00E-09,+76.69346966E-03,-65.28894183E-03
+100.00E-09,+81.91960026E-03,-64.28391672E-03
+125.00E-09,+89.75879615E-03,-56.24371581E-03
+150.00E-09,+92.37186145E-03,-56.24371581E-03
+175.00E-09,+97.59799205E-03,-51.21859024E-03
+200.00E-09,+92.37186145E-03,-48.20351489E-03
+225.00E-09,+92.37186145E-03,-51.21859023E-03
+250.00E-09,+68.85427376E-03,-52.22361535E-03
+275.00E-09,+41.41708812E-03,-61.26884138E-03
+300.00E-09,+87.14573084E-03,-80.36431855E-03
+325.00E-09,+106.74372059E-03,-29.10803771E-03
+350.00E-09,+102.82412264E-03,-22.07286191E-03
+375.00E-09,+102.82412264E-03,-16.04271121E-03
+400.00E-09,+92.37186145E-03,-72.32411765E-03
+425.00E-09,+91.06532880E-03,-64.28391673E-03
+450.00E-09,+87.14573085E-03,-62.27386649E-03
+475.00E-09,+81.91960026E-03,-53.22864046E-03
+500.00E-09,+81.91960026E-03,-52.22361535E-03
+525.00E-09,+85.83919820E-03,-48.20351489E-03
+550.00E-09,+92.37186145E-03,-46.19346466E-03
+575.00E-09,+92.37186145E-03,-51.21859024E-03
+600.00E-09,+92.37186145E-03,-52.22361535E-03
+625.00E-09,+92.37186145E-03,-49.20854001E-03
+650.00E-09,+92.37186145E-03,-50.21356512E-03
+675.00E-09,+93.67839410E-03,-48.20351489E-03
+700.00E-09,+102.82412264E-03,-52.22361534E-03
+725.00E-09,+98.90452470E-03,-45.18843955E-03
+750.00E-09,+94.98492675E-03,-48.20351489E-03
+775.00E-09,+97.59799205E-03,-48.20351489E-03
+800.00E-09,+97.59799205E-03,-48.20351489E-03
+825.00E-09,+102.82412264E-03,-48.20351489E-03
+850.00E-09,+102.82412264E-03,-46.19346466E-03
+875.00E-09,+106.74372060E-03,-44.18341443E-03
+900.00E-09,+102.82412264E-03,-48.20351489E-03
+925.00E-09,+102.82412264E-03,-44.18341443E-03
+950.00E-09,+102.82412264E-03,-44.18341443E-03
+975.00E-09,+106.74372060E-03,-48.20351489E-03
+1.00000E-06,+108.05025324E-03,-44.18341443E-03
+1.02500E-06,+108.05025324E-03,-44.18341443E-03
+1.05000E-06,+113.27638384E-03,-46.19346466E-03
+1.07500E-06,+113.27638384E-03,-44.18341443E-03
+1.10000E-06,+113.27638384E-03,-48.20351489E-03
+1.12500E-06,+117.19598178E-03,-44.18341443E-03
+1.15000E-06,+118.50251444E-03,-42.17336420E-03
+1.17500E-06,+117.19598179E-03,-40.16331397E-03
+1.20000E-06,+118.50251443E-03,-44.18341443E-03
+1.22500E-06,+118.50251444E-03,-40.16331397E-03
+1.25000E-06,+115.88944914E-03,-44.18341443E-03
+1.27500E-06,+123.72864503E-03,-44.18341443E-03
+1.30000E-06,+123.72864503E-03,-44.18341443E-03
+1.32500E-06,+123.72864503E-03,-40.16331397E-03
+1.35000E-06,+123.72864503E-03,-44.18341443E-03
+1.37500E-06,+123.72864503E-03,-44.18341443E-03
+1.40000E-06,+128.95477563E-03,-40.16331397E-03
+1.42500E-06,+128.95477563E-03,-43.17838931E-03
+1.45000E-06,+126.34171034E-03,-36.14321351E-03
+1.47500E-06,+130.26130828E-03,-40.16331397E-03
+1.50000E-06,+128.95477563E-03,-44.18341443E-03
+1.52500E-06,+130.26130828E-03,-40.16331397E-03
+1.55000E-06,+131.56784093E-03,-40.16331397E-03
+1.57500E-06,+134.18090623E-03,-40.16331397E-03
+1.60000E-06,+134.18090623E-03,-44.18341443E-03
+1.62500E-06,+138.10050417E-03,-39.15828885E-03
+1.65000E-06,+136.79397152E-03,-38.15326374E-03
+1.67500E-06,+143.32663478E-03,-36.14321351E-03
+1.70000E-06,+144.63316742E-03,-32.12311306E-03
+1.72500E-06,+153.77889597E-03,-40.16331397E-03
+1.75000E-06,+147.24623272E-03,-32.12311305E-03
+1.77500E-06,+147.24623273E-03,-34.13316328E-03
+1.80000E-06,+139.40703683E-03,-36.14321351E-03
+1.82500E-06,+139.40703683E-03,-36.14321351E-03
+1.85000E-06,+149.85929802E-03,-40.16331397E-03
+1.87500E-06,+149.85929802E-03,-36.14321351E-03
+1.90000E-06,+149.85929802E-03,-40.16331397E-03
+1.92500E-06,+155.08542862E-03,-33.12813817E-03
+1.95000E-06,+149.85929802E-03,-34.13316328E-03
+1.97500E-06,+155.08542862E-03,-32.12311305E-03
+2.00000E-06,+155.08542862E-03,-32.12311305E-03
+2.02500E-06,+155.08542862E-03,-35.13818839E-03
+2.05000E-06,+157.69849391E-03,-36.14321351E-03
+2.07500E-06,+160.31155922E-03,-32.12311305E-03
+2.10000E-06,+155.08542862E-03,-36.14321351E-03
+2.12500E-06,+160.31155922E-03,-32.12311305E-03
+2.15000E-06,+165.53768981E-03,-34.13316328E-03
+2.17500E-06,+165.53768981E-03,-36.14321351E-03
+2.20000E-06,+165.53768981E-03,-32.12311305E-03
+2.22500E-06,+170.76382041E-03,-33.12813817E-03
+2.25000E-06,+165.53768981E-03,-32.12311305E-03
+2.27500E-06,+166.84422246E-03,-36.14321351E-03
+2.30000E-06,+170.76382041E-03,-32.12311305E-03
+2.32500E-06,+166.84422246E-03,-29.10803771E-03
+2.35000E-06,+173.37688571E-03,-28.10301259E-03
+2.37500E-06,+170.76382041E-03,-29.10803770E-03
+2.40000E-06,+175.98995100E-03,-32.12311305E-03
+2.42500E-06,+179.90954895E-03,-36.14321351E-03
+2.45000E-06,+175.98995101E-03,-28.10301259E-03
+2.47500E-06,+181.21608160E-03,-32.12311305E-03
+2.50000E-06,+181.21608160E-03,-24.08291213E-03
+2.52500E-06,+181.21608160E-03,-28.10301259E-03
+2.55000E-06,+186.44221220E-03,-32.12311305E-03
+2.57500E-06,+185.13567955E-03,-32.12311305E-03
+2.60000E-06,+181.21608160E-03,-32.12311305E-03
+2.62500E-06,+186.44221220E-03,-28.10301259E-03
+2.65000E-06,+186.44221220E-03,-28.10301259E-03
+2.67500E-06,+187.74874485E-03,-28.10301259E-03
+2.70000E-06,+191.66834280E-03,-24.08291213E-03
+2.72500E-06,+187.74874485E-03,-28.10301259E-03
+2.75000E-06,+189.05527750E-03,-26.09296236E-03
+2.77500E-06,+191.66834280E-03,-24.08291213E-03
+2.80000E-06,+186.44221220E-03,-24.08291213E-03
+2.82500E-06,+191.66834280E-03,-28.10301259E-03
+2.85000E-06,+196.89447340E-03,-24.08291213E-03
+2.87500E-06,+195.58794075E-03,-25.08793724E-03
+2.90000E-06,+191.66834280E-03,-24.08291213E-03
+2.92500E-06,+198.20100605E-03,-23.07788702E-03
+2.95000E-06,+202.12060399E-03,-28.10301259E-03
+2.97500E-06,+203.42713664E-03,-27.09798748E-03
+3.00000E-06,+202.12060399E-03,-24.08291213E-03
+3.02500E-06,+208.65326724E-03,-24.08291213E-03
+3.05000E-06,+204.73366929E-03,-30.11306282E-03
+3.07500E-06,+204.73366929E-03,-40.16331398E-03
+3.10000E-06,+202.12060399E-03,-40.16331397E-03
+3.12500E-06,+207.34673459E-03,-27.09798747E-03
+3.15000E-06,+207.34673459E-03,-18.05276144E-03
+3.17500E-06,+207.34673459E-03,-16.04271121E-03
+3.20000E-06,+212.57286519E-03,-20.06281167E-03
+3.22500E-06,+216.49246313E-03,-20.06281167E-03
+3.25000E-06,+217.79899579E-03,-20.06281167E-03
+3.27500E-06,+217.79899579E-03,-24.08291213E-03
+3.30000E-06,+212.57286519E-03,-20.06281167E-03
+3.32500E-06,+223.02512638E-03,-20.06281167E-03
+3.35000E-06,+217.79899579E-03,-20.06281167E-03
+3.37500E-06,+223.02512638E-03,-24.08291213E-03
+3.40000E-06,+217.79899579E-03,-20.06281167E-03
+3.42500E-06,+228.25125698E-03,-24.08291213E-03
+3.45000E-06,+223.02512638E-03,-20.06281167E-03
+3.47500E-06,+228.25125698E-03,-21.06783679E-03
+3.50000E-06,+228.25125698E-03,-20.06281167E-03
+3.52500E-06,+232.17085493E-03,-20.06281167E-03
+3.55000E-06,+230.86432228E-03,-20.06281167E-03
+3.57500E-06,+233.47738758E-03,-20.06281167E-03
+3.60000E-06,+233.47738758E-03,-20.06281167E-03
+3.62500E-06,+232.17085493E-03,-16.04271121E-03
+3.65000E-06,+230.86432228E-03,-20.06281167E-03
+3.67500E-06,+233.47738758E-03,-20.06281167E-03
+3.70000E-06,+238.70351817E-03,-16.04271122E-03
+3.72500E-06,+238.70351817E-03,-19.05778656E-03
+3.75000E-06,+241.31658348E-03,-20.06281167E-03
+3.77500E-06,+240.01005082E-03,-17.04773633E-03
+3.80000E-06,+238.70351817E-03,-16.04271122E-03
+3.82500E-06,+240.01005083E-03,-16.04271121E-03
+3.85000E-06,+243.92964877E-03,-12.02261075E-03
+3.87500E-06,+245.23618142E-03,-17.04773633E-03
+3.90000E-06,+249.15577937E-03,-20.06281167E-03
+3.92500E-06,+249.15577937E-03,-12.02261075E-03
+3.95000E-06,+249.15577937E-03,-12.02261075E-03
+3.97500E-06,+254.38190997E-03,-13.02763587E-03
+4.00000E-06,+249.15577937E-03,-20.06281167E-03
+4.02500E-06,+250.46231202E-03,-15.03768610E-03
+4.05000E-06,+256.99497526E-03,-14.03266099E-03
+4.07500E-06,+258.30150792E-03,-16.04271121E-03
+4.10000E-06,+254.38190997E-03,-12.02261075E-03
+4.12500E-06,+259.60804056E-03,-16.04271121E-03
+4.15000E-06,+256.99497526E-03,-12.02261075E-03
+4.17500E-06,+259.60804056E-03,-12.02261075E-03
+4.20000E-06,+264.83417116E-03,-12.02261075E-03
+4.22500E-06,+264.83417116E-03,-16.04271121E-03
+4.25000E-06,+264.83417116E-03,-12.02261075E-03
+4.27500E-06,+266.14070381E-03,-15.03768610E-03
+4.30000E-06,+270.06030176E-03,-16.04271121E-03
+4.32500E-06,+266.14070381E-03,-8.00251029E-03
+4.35000E-06,+267.44723646E-03,-12.02261075E-03
+4.37500E-06,+266.14070381E-03,-3.98240983E-03
+4.40000E-06,+270.06030176E-03,-20.06281167E-03
+4.42500E-06,+273.97989970E-03,-20.06281167E-03
+4.45000E-06,+290.96482415E-03,-5.99246007E-03
+4.47500E-06,+285.73869355E-03,+37.69062E-06
+4.50000E-06,+285.73869355E-03,+37.69062E-06
+4.52500E-06,+281.81909560E-03,-8.00251029E-03
+4.55000E-06,+280.51256295E-03,-12.02261075E-03
+4.57500E-06,+281.81909560E-03,-12.02261075E-03
+4.60000E-06,+280.51256295E-03,-12.02261075E-03
+4.62500E-06,+280.51256295E-03,-4.98743495E-03
+4.65000E-06,+285.73869355E-03,-8.00251029E-03
+4.67500E-06,+289.65829150E-03,-8.00251029E-03
+4.70000E-06,+285.73869355E-03,-8.00251029E-03
+4.72500E-06,+285.73869355E-03,-8.00251029E-03
+4.75000E-06,+285.73869355E-03,-3.98240983E-03
+4.77500E-06,+281.81909560E-03,-8.00251029E-03
+4.80000E-06,+290.96482415E-03,-8.00251029E-03
+4.82500E-06,+296.19095474E-03,-6.99748518E-03
+4.85000E-06,+298.80402004E-03,-5.99246006E-03
+4.87500E-06,+294.88442210E-03,-8.00251029E-03
+4.90000E-06,+296.19095474E-03,-8.00251029E-03
+4.92500E-06,+301.41708534E-03,-3.98240983E-03
+4.95000E-06,+301.41708534E-03,-3.98240983E-03
+4.97500E-06,+296.19095474E-03,-3.98240983E-03
+5.00000E-06,+306.64321594E-03,+37.69062E-06
+5.02500E-06,+297.49748740E-03,-3.98240983E-03
+5.05000E-06,+301.41708534E-03,-5.99246006E-03
+5.07500E-06,+301.41708534E-03,-967.33449E-06
+5.10000E-06,+306.64321594E-03,-3.98240983E-03
+5.12500E-06,+311.86934654E-03,+37.69062E-06
+5.15000E-06,+309.25628124E-03,-1.97235961E-03
+5.17500E-06,+307.94974859E-03,+37.69062E-06
+5.20000E-06,+311.86934654E-03,+37.69062E-06
+5.22500E-06,+315.78894448E-03,-2.97738472E-03
+5.25000E-06,+311.86934654E-03,+37.69062E-06
+5.27500E-06,+311.86934654E-03,+37.69062E-06
+5.30000E-06,+317.09547713E-03,-3.98240983E-03
+5.32500E-06,+311.86934654E-03,+3.05276597E-03
+5.35000E-06,+317.09547713E-03,+37.69062E-06
+5.37500E-06,+321.01507508E-03,-2.97738472E-03
+5.40000E-06,+322.32160773E-03,+37.69062E-06
+5.42500E-06,+323.62814038E-03,+3.05276597E-03
+5.45000E-06,+322.32160773E-03,+37.69062E-06
+5.47500E-06,+321.01507508E-03,+3.05276597E-03
+5.50000E-06,+327.54773833E-03,+4.05779108E-03
+5.52500E-06,+327.54773833E-03,+4.05779108E-03
+5.55000E-06,+324.93467303E-03,+4.05779108E-03
+5.57500E-06,+327.54773833E-03,+37.69062E-06
+5.60000E-06,+332.77386893E-03,+4.05779108E-03
+5.62500E-06,+332.77386893E-03,+4.05779108E-03
+5.65000E-06,+332.77386893E-03,+37.69062E-06
+5.67500E-06,+332.77386893E-03,+1.04271574E-03
+5.70000E-06,+332.77386893E-03,+4.05779108E-03
+5.72500E-06,+332.77386893E-03,+7.07286643E-03
+5.75000E-06,+324.93467303E-03,+10.08794178E-03
+5.77500E-06,+331.46733628E-03,-6.99748517E-03
+5.80000E-06,+327.54773833E-03,+8.07789155E-03
+5.82500E-06,+337.99999952E-03,+20.13819292E-03
+5.85000E-06,+340.61306482E-03,+16.11809246E-03
+5.87500E-06,+343.22613012E-03,+12.09799200E-03
+5.90000E-06,+348.45226072E-03,+8.07789154E-03
+5.92500E-06,+347.14572807E-03,+7.07286643E-03
+5.95000E-06,+348.45226072E-03,+8.07789154E-03
+5.97500E-06,+348.45226072E-03,+8.07789154E-03
+6.00000E-06,+348.45226072E-03,+12.09799200E-03
+6.02500E-06,+353.67839132E-03,+12.09799200E-03
+6.05000E-06,+351.06532602E-03,+8.07789154E-03
+6.07500E-06,+353.67839132E-03,+11.09296689E-03
+6.10000E-06,+358.90452191E-03,+8.07789154E-03
+6.12500E-06,+354.98492397E-03,+12.09799200E-03
+6.15000E-06,+353.67839132E-03,+10.08794178E-03
+6.17500E-06,+354.98492396E-03,+8.07789154E-03
+6.20000E-06,+353.67839132E-03,+8.07789154E-03
+6.22500E-06,+364.13065251E-03,+12.09799200E-03
+6.25000E-06,+361.51758721E-03,+12.09799200E-03
+6.27500E-06,+362.82411986E-03,+12.09799200E-03
+6.30000E-06,+358.90452191E-03,+12.09799200E-03
+6.32500E-06,+368.05025046E-03,+12.09799200E-03
+6.35000E-06,+369.35678311E-03,+12.09799200E-03
+6.37500E-06,+369.35678311E-03,+12.09799200E-03
+6.40000E-06,+369.35678311E-03,+12.09799200E-03
+6.42500E-06,+373.27638105E-03,+11.09296689E-03
+6.45000E-06,+374.58291370E-03,+12.09799200E-03
+6.47500E-06,+369.35678311E-03,+12.09799200E-03
+6.50000E-06,+374.58291370E-03,+16.11809246E-03
+6.52500E-06,+374.58291370E-03,+15.11306735E-03
+6.55000E-06,+374.58291370E-03,+14.10804223E-03
+6.57500E-06,+379.80904430E-03,+12.09799200E-03
+6.60000E-06,+379.80904430E-03,+16.11809246E-03
+6.62500E-06,+383.72864225E-03,+16.11809246E-03
+6.65000E-06,+379.80904430E-03,+20.13819292E-03
+6.67500E-06,+385.03517490E-03,+16.11809246E-03
+6.70000E-06,+385.03517490E-03,+16.11809246E-03
+6.72500E-06,+388.95477284E-03,+16.11809246E-03
+6.75000E-06,+390.26130550E-03,+14.10804223E-03
+6.77500E-06,+381.11557695E-03,+20.13819292E-03
+6.80000E-06,+385.03517490E-03,+16.11809246E-03
+6.82500E-06,+390.26130550E-03,+16.11809246E-03
+6.85000E-06,+390.26130550E-03,+16.11809246E-03
+6.87500E-06,+395.48743609E-03,+20.13819292E-03
+6.90000E-06,+395.48743609E-03,+16.11809246E-03
+6.92500E-06,+395.48743609E-03,+20.13819292E-03
+6.95000E-06,+398.10050139E-03,+20.13819292E-03
+6.97500E-06,+399.40703404E-03,+21.14321803E-03
+7.00000E-06,+400.71356669E-03,+20.13819292E-03
+7.02500E-06,+400.71356669E-03,+20.13819292E-03
+7.05000E-06,+400.71356669E-03,+20.13819292E-03
+7.07500E-06,+400.71356669E-03,+20.13819292E-03
+7.10000E-06,+400.71356669E-03,+16.11809246E-03
+7.12500E-06,+386.34170755E-03,+17.12311758E-03
+7.15000E-06,+400.71356669E-03,+14.10804223E-03
+7.17500E-06,+412.47236053E-03,+22.14824315E-03
+7.20000E-06,+421.61808908E-03,+24.15829338E-03
+7.22500E-06,+416.39195848E-03,+24.15829338E-03
+7.25000E-06,+413.77889319E-03,+24.15829338E-03
+7.27500E-06,+411.16582789E-03,+24.15829338E-03
+7.30000E-06,+411.16582789E-03,+20.13819292E-03
+7.32500E-06,+412.47236054E-03,+24.15829338E-03
+7.35000E-06,+416.39195848E-03,+24.15829338E-03
+7.37500E-06,+416.39195848E-03,+25.16331849E-03
+7.40000E-06,+416.39195848E-03,+24.15829338E-03
+7.42500E-06,+420.31155643E-03,+27.17336872E-03
+7.45000E-06,+421.61808908E-03,+22.14824315E-03
+7.47500E-06,+426.84421968E-03,+24.15829338E-03
+7.50000E-06,+426.84421968E-03,+24.15829338E-03
+7.52500E-06,+422.92462173E-03,+24.15829338E-03
+7.55000E-06,+426.84421968E-03,+28.17839384E-03
+7.57500E-06,+426.84421968E-03,+28.17839384E-03
+7.60000E-06,+432.07035027E-03,+28.17839384E-03
+7.62500E-06,+432.07035027E-03,+28.17839384E-03
+7.65000E-06,+432.07035027E-03,+24.15829338E-03
+7.67500E-06,+432.07035027E-03,+28.17839384E-03
+7.70000E-06,+432.07035027E-03,+32.19849430E-03
+7.72500E-06,+433.37688293E-03,+28.17839384E-03
+7.75000E-06,+437.29648087E-03,+28.17839384E-03
+7.77500E-06,+437.29648087E-03,+29.18341895E-03
+7.80000E-06,+437.29648087E-03,+28.17839384E-03
+7.82500E-06,+438.60301352E-03,+32.19849430E-03
+7.85000E-06,+442.52261147E-03,+32.19849430E-03
+7.87500E-06,+442.52261147E-03,+32.19849430E-03
+7.90000E-06,+442.52261147E-03,+28.17839384E-03
+7.92500E-06,+443.82914412E-03,+28.17839384E-03
+7.95000E-06,+442.52261147E-03,+28.17839384E-03
+7.97500E-06,+447.74874207E-03,+29.18341895E-03
+8.00000E-06,+447.74874207E-03,+32.19849430E-03
+8.02500E-06,+452.97487266E-03,+36.21859476E-03
+8.05000E-06,+452.97487266E-03,+34.20854453E-03
+8.07500E-06,+452.97487266E-03,+32.19849430E-03
+8.10000E-06,+447.74874207E-03,+32.19849430E-03
+8.12500E-06,+458.20100326E-03,+32.19849430E-03
+8.15000E-06,+452.97487266E-03,+32.19849430E-03
+8.17500E-06,+456.89447061E-03,+31.19346919E-03
+8.20000E-06,+463.42713386E-03,+32.19849430E-03
+8.22500E-06,+458.20100326E-03,+36.21859476E-03
+8.25000E-06,+458.20100326E-03,+34.20854453E-03
+8.27500E-06,+463.42713386E-03,+36.21859476E-03
+8.30000E-06,+463.42713386E-03,+36.21859476E-03
+8.32500E-06,+468.65326446E-03,+32.19849430E-03
+8.35000E-06,+468.65326446E-03,+36.21859476E-03
+8.37500E-06,+472.57286241E-03,+36.21859476E-03
+8.40000E-06,+468.65326446E-03,+36.21859476E-03
+8.42500E-06,+473.87939505E-03,+33.20351942E-03
+8.45000E-06,+473.87939505E-03,+44.25879568E-03
+8.47500E-06,+472.57286241E-03,+54.30904683E-03
+8.50000E-06,+479.10552565E-03,+52.29899660E-03
+8.52500E-06,+480.41205830E-03,+43.25377056E-03
+8.55000E-06,+479.10552565E-03,+32.19849430E-03
+8.57500E-06,+481.71859095E-03,+29.18341895E-03
+8.60000E-06,+479.10552565E-03,+36.21859476E-03
+8.62500E-06,+484.33165625E-03,+33.20351942E-03
+8.65000E-06,+481.71859095E-03,+40.23869522E-03
+8.67500E-06,+484.33165625E-03,+37.22361987E-03
+8.70000E-06,+489.55778684E-03,+44.25879568E-03
+8.72500E-06,+485.63818890E-03,+40.23869522E-03
+8.75000E-06,+486.94472154E-03,+40.23869522E-03
+8.77500E-06,+489.55778684E-03,+43.25377057E-03
+8.80000E-06,+489.55778684E-03,+44.25879568E-03
+8.82500E-06,+489.55778684E-03,+40.23869522E-03
+8.85000E-06,+492.17085214E-03,+40.23869522E-03
+8.87500E-06,+489.55778684E-03,+44.25879568E-03
+8.90000E-06,+494.78391744E-03,+44.25879568E-03
+8.92500E-06,+500.01004804E-03,+40.23869522E-03
+8.95000E-06,+500.01004804E-03,+44.25879568E-03
+8.97500E-06,+500.01004804E-03,+44.25879568E-03
+9.00000E-06,+494.78391744E-03,+44.25879568E-03
+9.02500E-06,+500.01004804E-03,+44.25879568E-03
+9.05000E-06,+502.62311334E-03,+46.26884591E-03
+9.07500E-06,+505.23617864E-03,+47.27387103E-03
+9.10000E-06,+505.23617864E-03,+40.23869522E-03
+9.12500E-06,+509.15577658E-03,+48.27889614E-03
+9.15000E-06,+505.23617864E-03,+44.25879567E-03
+9.17500E-06,+509.15577659E-03,+45.26382079E-03
+9.20000E-06,+510.46230923E-03,+48.27889614E-03
+9.22500E-06,+510.46230923E-03,+48.27889614E-03
+9.25000E-06,+510.46230923E-03,+44.25879568E-03
+9.27500E-06,+515.68843983E-03,+48.27889614E-03
+9.30000E-06,+515.68843983E-03,+48.27889614E-03
+9.32500E-06,+519.60803778E-03,+45.26382080E-03
+9.35000E-06,+515.68843983E-03,+46.26884591E-03
+9.37500E-06,+520.91457043E-03,+47.27387103E-03
+9.40000E-06,+520.91457043E-03,+52.29899660E-03
+9.42500E-06,+520.91457043E-03,+48.27889614E-03
+9.45000E-06,+520.91457043E-03,+50.28894637E-03
+9.47500E-06,+526.14070103E-03,+51.29397148E-03
+9.50000E-06,+526.14070103E-03,+48.27889614E-03
+9.52500E-06,+524.83416837E-03,+49.28392126E-03
+9.55000E-06,+528.75376633E-03,+50.28894637E-03
+9.57500E-06,+526.14070103E-03,+52.29899660E-03
+9.60000E-06,+531.36683162E-03,+48.27889614E-03
+9.62500E-06,+532.67336428E-03,+51.29397148E-03
+9.65000E-06,+533.97989692E-03,+50.28894637E-03
+9.67500E-06,+536.59296222E-03,+52.29899660E-03
+9.70000E-06,+541.81909282E-03,+52.29899660E-03
+9.72500E-06,+536.59296222E-03,+52.29899660E-03
+9.75000E-06,+536.59296222E-03,+52.29899660E-03
+9.77500E-06,+536.59296222E-03,+51.29397148E-03
+9.80000E-06,+536.59296222E-03,+60.33919752E-03
+9.82500E-06,+543.12562547E-03,+64.35929798E-03
+9.85000E-06,+528.75376633E-03,+46.26884591E-03
+9.87500E-06,+531.36683162E-03,+44.25879568E-03
+9.90000E-06,+552.27135401E-03,+48.27889614E-03
+9.92500E-06,+550.96482136E-03,+55.31407194E-03
+9.95000E-06,+552.27135401E-03,+58.32914729E-03
+9.97500E-06,+552.27135401E-03,+55.31407194E-03
+10.00000E-06,+557.49748461E-03,+60.33919752E-03
+10.02500E-06,+547.04522341E-03,+56.31909706E-03
+10.05000E-06,+486.94472154E-03,+50.28894637E-03
+10.07500E-06,+509.15577659E-03,+42.24874544E-03
+10.10000E-06,+552.27135401E-03,+52.29899659E-03
+10.12500E-06,+567.94974580E-03,+58.32914728E-03
+10.15000E-06,+567.94974580E-03,+64.35929798E-03
+10.17500E-06,+562.72361521E-03,+60.33919752E-03
+10.20000E-06,+557.49748461E-03,+60.33919751E-03
+10.22500E-06,+562.72361521E-03,+59.33417240E-03
+10.25000E-06,+562.72361521E-03,+58.32914729E-03
+10.27500E-06,+562.72361521E-03,+60.33919752E-03
+10.30000E-06,+578.40200700E-03,+48.27889615E-03
+10.32500E-06,+616.29145384E-03,+76.41959935E-03
+10.35000E-06,+565.33668051E-03,+92.50000119E-03
+10.37500E-06,+560.11054991E-03,+70.38944866E-03
+10.40000E-06,+599.30652938E-03,-120.56532313E-03
+10.42500E-06,+497.39698273E-03,+127.67588011E-03
+10.45000E-06,+703.82914135E-03,+16.11809243E-03
+10.47500E-06,+565.33668049E-03,-105.48994643E-03
+10.50000E-06,+583.62813759E-03,+28.17839383E-03
+10.52500E-06,+571.86934376E-03,+73.40452399E-03
+10.55000E-06,+607.14572528E-03,+94.51005142E-03
+10.57500E-06,+562.72361521E-03,+57.32412218E-03
+10.60000E-06,+583.62813760E-03,-16.04271121E-03
+10.62500E-06,+561.41708255E-03,+73.40452401E-03
+10.65000E-06,+573.17587640E-03,+52.29899660E-03
+10.67500E-06,+562.72361521E-03,+71.39447378E-03
+10.70000E-06,+578.40200700E-03,+40.23869522E-03
+10.72500E-06,+573.17587640E-03,+48.27889614E-03
+10.75000E-06,+573.17587640E-03,+64.35929798E-03
+10.77500E-06,+573.17587640E-03,+49.28392125E-03
+10.80000E-06,+562.72361521E-03,+52.29899660E-03
+10.82500E-06,+567.94974580E-03,+50.28894637E-03
+10.85000E-06,+570.56281111E-03,+54.30904682E-03
+10.87500E-06,+573.17587640E-03,+56.31909706E-03
+10.90000E-06,+567.94974580E-03,+48.27889614E-03
+10.92500E-06,+564.03014786E-03,+55.31407194E-03
+10.95000E-06,+562.72361521E-03,+54.30904683E-03
+10.97500E-06,+562.72361521E-03,+49.28392125E-03
+11.00000E-06,+567.94974580E-03,+48.27889614E-03
+11.02500E-06,+562.72361521E-03,+52.29899660E-03
+11.05000E-06,+565.33668050E-03,+52.29899660E-03
+11.07500E-06,+562.72361521E-03,+55.31407194E-03
+11.10000E-06,+562.72361521E-03,+52.29899660E-03
+11.12500E-06,+562.72361521E-03,+61.34422263E-03
+11.15000E-06,+567.94974580E-03,+50.28894637E-03
+11.17500E-06,+577.09547435E-03,+59.33417239E-03
+11.20000E-06,+567.94974580E-03,+48.27889613E-03
+11.22500E-06,+562.72361521E-03,+40.23869522E-03
+11.25000E-06,+562.72361521E-03,+42.24874545E-03
+11.27500E-06,+557.49748461E-03,+48.27889614E-03
+11.30000E-06,+557.49748461E-03,+48.27889614E-03
+11.32500E-06,+556.19095196E-03,+52.29899660E-03
+11.35000E-06,+554.88441931E-03,+52.29899660E-03
+11.37500E-06,+552.27135401E-03,+52.29899660E-03
+11.40000E-06,+557.49748461E-03,+52.29899660E-03
+11.42500E-06,+552.27135401E-03,+48.27889614E-03
+11.45000E-06,+552.27135401E-03,+48.27889614E-03
+11.47500E-06,+552.27135401E-03,+48.27889614E-03
+11.50000E-06,+552.27135401E-03,+48.27889614E-03
+11.52500E-06,+547.04522341E-03,+51.29397148E-03
+11.55000E-06,+549.65828872E-03,+48.27889614E-03
+11.57500E-06,+552.27135401E-03,+49.28392125E-03
+11.60000E-06,+547.04522341E-03,+48.27889614E-03
+11.62500E-06,+550.96482136E-03,+49.28392126E-03
+11.65000E-06,+541.81909282E-03,+48.27889614E-03
+11.67500E-06,+547.04522341E-03,+52.29899660E-03
+11.70000E-06,+541.81909282E-03,+48.27889614E-03
+11.72500E-06,+541.81909282E-03,+48.27889614E-03
+11.75000E-06,+544.43215811E-03,+44.25879568E-03
+11.77500E-06,+541.81909282E-03,+48.27889614E-03
+11.80000E-06,+541.81909282E-03,+48.27889614E-03
+11.82500E-06,+540.51256017E-03,+49.28392126E-03
+11.85000E-06,+541.81909282E-03,+48.27889614E-03
+11.87500E-06,+540.51256017E-03,+48.27889614E-03
+11.90000E-06,+536.59296222E-03,+44.25879568E-03
+11.92500E-06,+536.59296222E-03,+47.27387102E-03
+11.95000E-06,+536.59296222E-03,+48.27889614E-03
+11.97500E-06,+536.59296222E-03,+47.27387103E-03
+12.00000E-06,+536.59296222E-03,+44.25879568E-03
+12.02500E-06,+535.28642957E-03,+43.25377056E-03
+12.05000E-06,+536.59296222E-03,+44.25879568E-03
+12.07500E-06,+531.36683162E-03,+44.25879568E-03
+12.10000E-06,+531.36683163E-03,+44.25879568E-03
+12.12500E-06,+531.36683162E-03,+48.27889614E-03
+12.15000E-06,+531.36683162E-03,+44.25879568E-03
+12.17500E-06,+530.06029898E-03,+44.25879568E-03
+12.20000E-06,+531.36683162E-03,+44.25879568E-03
+12.22500E-06,+535.28642957E-03,+47.27387102E-03
+12.25000E-06,+528.75376633E-03,+44.25879568E-03
+12.27500E-06,+526.14070103E-03,+47.27387103E-03
+12.30000E-06,+526.14070103E-03,+44.25879568E-03
+12.32500E-06,+526.14070103E-03,+44.25879568E-03
+12.35000E-06,+531.36683162E-03,+40.23869522E-03
+12.37500E-06,+526.14070103E-03,+43.25377057E-03
+12.40000E-06,+526.14070103E-03,+44.25879568E-03
+12.42500E-06,+526.14070103E-03,+45.26382080E-03
+12.45000E-06,+520.91457043E-03,+44.25879568E-03
+12.47500E-06,+520.91457043E-03,+44.25879568E-03
+12.50000E-06,+536.59296222E-03,+56.31909705E-03
+12.52500E-06,+527.44723368E-03,+36.21859476E-03
+12.55000E-06,+515.68843983E-03,+50.28894637E-03
+12.57500E-06,+514.38190719E-03,+40.23869522E-03
+12.60000E-06,+515.68843983E-03,+40.23869522E-03
+12.62500E-06,+515.68843983E-03,+40.23869522E-03
+12.65000E-06,+515.68843983E-03,+40.23869522E-03
+12.67500E-06,+515.68843983E-03,+40.23869522E-03
+12.70000E-06,+515.68843983E-03,+40.23869522E-03
+12.72500E-06,+510.46230923E-03,+40.23869522E-03
+12.75000E-06,+513.07537453E-03,+42.24874545E-03
+12.77500E-06,+511.76884188E-03,+40.23869522E-03
+12.80000E-06,+510.46230923E-03,+40.23869522E-03
+12.82500E-06,+510.46230923E-03,+40.23869522E-03
+12.85000E-06,+510.46230923E-03,+40.23869522E-03
+12.87500E-06,+509.15577659E-03,+41.24372033E-03
+12.90000E-06,+505.23617864E-03,+36.21859476E-03
+12.92500E-06,+509.15577658E-03,+41.24372034E-03
+12.95000E-06,+502.62311334E-03,+42.24874545E-03
+12.97500E-06,+505.23617864E-03,+41.24372033E-03
+13.00000E-06,+505.23617864E-03,+40.23869522E-03
+13.02500E-06,+505.23617864E-03,+40.23869522E-03
+13.05000E-06,+500.01004804E-03,+40.23869522E-03
+13.07500E-06,+501.31658069E-03,+40.23869522E-03
+13.10000E-06,+505.23617864E-03,+36.21859476E-03
+13.12500E-06,+500.01004804E-03,+39.23367010E-03
+13.15000E-06,+500.01004804E-03,+40.23869522E-03
+13.17500E-06,+500.01004804E-03,+40.23869522E-03
+13.20000E-06,+500.01004804E-03,+40.23869522E-03
+13.22500E-06,+494.78391744E-03,+40.23869522E-03
+13.25000E-06,+497.39698274E-03,+36.21859476E-03
+13.27500E-06,+498.70351539E-03,+40.23869522E-03
+13.30000E-06,+494.78391745E-03,+36.21859476E-03
+13.32500E-06,+498.70351539E-03,+39.23367010E-03
+13.35000E-06,+494.78391744E-03,+40.23869522E-03
+13.37500E-06,+494.78391744E-03,+39.23367011E-03
+13.40000E-06,+489.55778685E-03,+36.21859476E-03
+13.42500E-06,+489.55778684E-03,+35.21356964E-03
+13.45000E-06,+489.55778684E-03,+38.22864499E-03
+13.47500E-06,+489.55778684E-03,+40.23869522E-03
+13.50000E-06,+489.55778684E-03,+36.21859476E-03
+13.52500E-06,+489.55778684E-03,+36.21859476E-03
+13.55000E-06,+484.33165625E-03,+36.21859476E-03
+13.57500E-06,+489.55778684E-03,+35.21356965E-03
+13.60000E-06,+484.33165625E-03,+36.21859476E-03
+13.62500E-06,+484.33165625E-03,+32.19849430E-03
+13.65000E-06,+484.33165625E-03,+36.21859476E-03
+13.67500E-06,+484.33165625E-03,+36.21859476E-03
+13.70000E-06,+484.33165625E-03,+36.21859476E-03
+13.72500E-06,+479.10552565E-03,+36.21859476E-03
+13.75000E-06,+479.10552565E-03,+34.20854453E-03
+13.77500E-06,+479.10552565E-03,+38.22864499E-03
+13.80000E-06,+479.10552565E-03,+32.19849430E-03
+13.82500E-06,+473.87939505E-03,+30.18844407E-03
+13.85000E-06,+484.33165625E-03,+38.22864499E-03
+13.87500E-06,+480.41205830E-03,+10.08794177E-03
+13.90000E-06,+484.33165625E-03,+16.11809247E-03
+13.92500E-06,+477.79899300E-03,+29.18341896E-03
+13.95000E-06,+473.87939505E-03,+34.20854453E-03
+13.97500E-06,+469.95979710E-03,+39.23367011E-03
+14.00000E-06,+473.87939505E-03,+36.21859476E-03
+14.02500E-06,+469.95979711E-03,+35.21356964E-03
+14.05000E-06,+468.65326446E-03,+36.21859476E-03
+14.07500E-06,+468.65326446E-03,+36.21859476E-03
+14.10000E-06,+468.65326446E-03,+32.19849430E-03
+14.12500E-06,+468.65326446E-03,+28.17839384E-03
+14.15000E-06,+468.65326446E-03,+30.18844407E-03
+14.17500E-06,+464.73366650E-03,+28.17839384E-03
+14.20000E-06,+463.42713386E-03,+28.17839384E-03
+14.22500E-06,+463.42713386E-03,+32.19849430E-03
+14.25000E-06,+463.42713386E-03,+32.19849430E-03
+14.27500E-06,+462.12060121E-03,+31.19346919E-03
+14.30000E-06,+463.42713386E-03,+28.17839384E-03
+14.32500E-06,+463.42713386E-03,+31.19346918E-03
+14.35000E-06,+460.81406856E-03,+28.17839384E-03
+14.37500E-06,+458.20100326E-03,+28.17839384E-03
+14.40000E-06,+458.20100326E-03,+32.19849430E-03
+14.42500E-06,+463.42713386E-03,+28.17839384E-03
+14.45000E-06,+463.42713386E-03,+30.18844407E-03
+14.47500E-06,+462.12060121E-03,+32.19849430E-03
+14.50000E-06,+458.20100326E-03,+28.17839384E-03
+14.52500E-06,+458.20100326E-03,+28.17839384E-03
+14.55000E-06,+452.97487266E-03,+28.17839384E-03
+14.57500E-06,+452.97487266E-03,+31.19346919E-03
+14.60000E-06,+452.97487266E-03,+28.17839384E-03
+14.62500E-06,+447.74874207E-03,+28.17839384E-03
+14.65000E-06,+452.97487266E-03,+28.17839384E-03
+14.67500E-06,+452.97487266E-03,+27.17336873E-03
+14.70000E-06,+452.97487266E-03,+28.17839384E-03
+14.72500E-06,+452.97487266E-03,+28.17839384E-03
+14.75000E-06,+452.97487266E-03,+28.17839384E-03
+14.77500E-06,+447.74874207E-03,+25.16331849E-03
+14.80000E-06,+447.74874207E-03,+28.17839384E-03
+14.82500E-06,+447.74874207E-03,+28.17839384E-03
+14.85000E-06,+447.74874207E-03,+24.15829338E-03
+14.87500E-06,+446.44220942E-03,+27.17336873E-03
+14.90000E-06,+442.52261147E-03,+28.17839384E-03
+14.92500E-06,+443.82914412E-03,+24.15829338E-03
+14.95000E-06,+447.74874207E-03,+26.16834361E-03
+14.97500E-06,+438.60301352E-03,+25.16331849E-03
+15.00000E-06,+447.74874207E-03,+24.15829338E-03
+15.02500E-06,+443.82914412E-03,+28.17839384E-03
+15.05000E-06,+437.29648087E-03,+28.17839384E-03
+15.07500E-06,+437.29648087E-03,+27.17336873E-03
+15.10000E-06,+437.29648087E-03,+24.15829338E-03
+15.12500E-06,+437.29648087E-03,+24.15829338E-03
+15.15000E-06,+434.68341557E-03,+24.15829338E-03
+15.17500E-06,+437.29648087E-03,+25.16331849E-03
+15.20000E-06,+426.84421967E-03,+12.09799200E-03
+15.22500E-06,+451.66834001E-03,+21.14321804E-03
+15.25000E-06,+447.74874207E-03,+28.17839384E-03
+15.27500E-06,+439.90954618E-03,+31.19346919E-03
+15.30000E-06,+432.07035028E-03,+32.19849430E-03
+15.32500E-06,+426.84421968E-03,+20.13819292E-03
+15.35000E-06,+432.07035027E-03,+20.13819292E-03
+15.37500E-06,+426.84421968E-03,+20.13819292E-03
+15.40000E-06,+426.84421968E-03,+20.13819292E-03
+15.42500E-06,+426.84421968E-03,+20.13819292E-03
+15.45000E-06,+424.23115438E-03,+22.14824315E-03
+15.47500E-06,+426.84421968E-03,+24.15829338E-03
+15.50000E-06,+426.84421967E-03,+20.13819292E-03
+15.52500E-06,+425.53768702E-03,+16.11809246E-03
+15.55000E-06,+424.23115438E-03,+22.14824315E-03
+15.57500E-06,+425.53768703E-03,+24.15829338E-03
+15.60000E-06,+426.84421968E-03,+16.11809247E-03
+15.62500E-06,+417.69849114E-03,+20.13819292E-03
+15.65000E-06,+421.61808908E-03,+20.13819292E-03
+15.67500E-06,+421.61808908E-03,+20.13819292E-03
+15.70000E-06,+416.39195849E-03,+24.15829338E-03
+15.72500E-06,+420.31155643E-03,+20.13819292E-03
+15.75000E-06,+421.61808908E-03,+20.13819292E-03
+15.77500E-06,+416.39195848E-03,+20.13819292E-03
+15.80000E-06,+416.39195848E-03,+16.11809246E-03
+15.82500E-06,+411.16582789E-03,+19.13316780E-03
+15.85000E-06,+416.39195848E-03,+16.11809246E-03
+15.87500E-06,+416.39195848E-03,+20.13819292E-03
+15.90000E-06,+411.16582789E-03,+20.13819292E-03
+15.92500E-06,+407.24622994E-03,+20.13819292E-03
+15.95000E-06,+411.16582789E-03,+20.13819292E-03
+15.97500E-06,+411.16582789E-03,+16.11809246E-03
+16.00000E-06,+411.16582788E-03,+20.13819292E-03
+16.02500E-06,+405.93969729E-03,+20.13819292E-03
+16.05000E-06,+408.55276258E-03,+14.10804224E-03
+16.07500E-06,+407.24622993E-03,+17.12311757E-03
+16.10000E-06,+405.93969729E-03,+16.11809246E-03
+16.12500E-06,+405.93969729E-03,+16.11809246E-03
+16.15000E-06,+405.93969729E-03,+18.12814269E-03
+16.17500E-06,+405.93969729E-03,+16.11809246E-03
+16.20000E-06,+405.93969729E-03,+16.11809246E-03
+16.22500E-06,+404.63316463E-03,+19.13316780E-03
+16.25000E-06,+403.32663199E-03,+16.11809246E-03
+16.27500E-06,+400.71356669E-03,+19.13316781E-03
+16.30000E-06,+400.71356669E-03,+12.09799201E-03
+16.32500E-06,+400.71356669E-03,+16.11809246E-03
+16.35000E-06,+400.71356669E-03,+14.10804224E-03
+16.37500E-06,+395.48743609E-03,+16.11809246E-03
+16.40000E-06,+395.48743609E-03,+16.11809246E-03
+16.42500E-06,+394.18090344E-03,+16.11809246E-03
+16.45000E-06,+395.48743609E-03,+14.10804224E-03
+16.47500E-06,+395.48743609E-03,+12.09799200E-03
+16.50000E-06,+395.48743609E-03,+20.13819292E-03
+16.52500E-06,+391.56783815E-03,+1.04271574E-03
+16.55000E-06,+387.64824019E-03,+2.04774085E-03
+16.57500E-06,+374.58291370E-03,+3.05276597E-03
+16.60000E-06,+385.03517490E-03,+12.09799201E-03
+16.62500E-06,+385.03517490E-03,+24.15829338E-03
+16.65000E-06,+387.64824020E-03,+16.11809246E-03
+16.67500E-06,+390.26130550E-03,+20.13819292E-03
+16.70000E-06,+385.03517490E-03,+12.09799200E-03
+16.72500E-06,+385.03517490E-03,+8.07789154E-03
+16.75000E-06,+385.03517490E-03,+12.09799200E-03
+16.77500E-06,+386.34170754E-03,+9.08291666E-03
+16.80000E-06,+385.03517490E-03,+12.09799201E-03
+16.82500E-06,+381.11557695E-03,+12.09799200E-03
+16.85000E-06,+387.64824020E-03,+8.07789154E-03
+16.87500E-06,+379.80904430E-03,+12.09799200E-03
+16.90000E-06,+379.80904430E-03,+8.07789154E-03
+16.92500E-06,+379.80904430E-03,+12.09799200E-03
+16.95000E-06,+379.80904430E-03,+12.09799200E-03
+16.97500E-06,+379.80904430E-03,+8.07789154E-03
+17.00000E-06,+374.58291370E-03,+12.09799200E-03
+17.02500E-06,+379.80904430E-03,+12.09799200E-03
+17.05000E-06,+379.80904430E-03,+10.08794177E-03
+17.07500E-06,+375.88944635E-03,+8.07789154E-03
+17.10000E-06,+374.58291370E-03,+8.07789154E-03
+17.12500E-06,+375.88944636E-03,+8.07789154E-03
+17.15000E-06,+371.96984841E-03,+8.07789154E-03
+17.17500E-06,+369.35678311E-03,+12.09799200E-03
+17.20000E-06,+369.35678311E-03,+12.09799200E-03
+17.22500E-06,+368.05025045E-03,+9.08291666E-03
+17.25000E-06,+366.74371780E-03,+10.08794177E-03
+17.27500E-06,+368.05025046E-03,+9.08291666E-03
+17.30000E-06,+369.35678310E-03,+4.05779108E-03
+17.32500E-06,+364.13065251E-03,+7.07286643E-03
+17.35000E-06,+364.13065251E-03,+4.05779108E-03
+17.37500E-06,+368.05025046E-03,+8.07789154E-03
+17.40000E-06,+364.13065251E-03,+8.07789154E-03
+17.42500E-06,+369.35678311E-03,+4.05779108E-03
+17.45000E-06,+364.13065251E-03,+8.07789154E-03
+17.47500E-06,+362.82411986E-03,+4.05779108E-03
+17.50000E-06,+364.13065251E-03,+4.05779108E-03
+17.52500E-06,+360.21105457E-03,+4.05779108E-03
+17.55000E-06,+361.51758721E-03,+6.06784131E-03
+17.57500E-06,+358.90452191E-03,+8.07789154E-03
+17.60000E-06,+358.90452191E-03,+8.07789154E-03
+17.62500E-06,+358.90452191E-03,+5.06281620E-03
+17.65000E-06,+358.90452191E-03,+6.06784131E-03
+17.67500E-06,+353.67839132E-03,+4.05779108E-03
+17.70000E-06,+353.67839132E-03,+37.69062E-06
+17.72500E-06,+353.67839132E-03,+5.06281620E-03
+17.75000E-06,+351.06532602E-03,+2.04774085E-03
+17.77500E-06,+353.67839132E-03,+4.05779108E-03
+17.80000E-06,+353.67839132E-03,+37.69062E-06
+17.82500E-06,+348.45226072E-03,+4.05779108E-03
+17.85000E-06,+348.45226072E-03,+4.05779108E-03
+17.87500E-06,+348.45226072E-03,+37.69062E-06
+17.90000E-06,+337.99999952E-03,-16.04271120E-03
+17.92500E-06,+335.38693422E-03,-3.98240983E-03
+17.95000E-06,+356.29145661E-03,+37.69062E-06
+17.97500E-06,+354.98492396E-03,+4.05779108E-03
+18.00000E-06,+353.67839131E-03,+4.05779108E-03
+18.02500E-06,+353.67839132E-03,+4.05779108E-03
+18.05000E-06,+343.22613012E-03,+37.69062E-06
+18.07500E-06,+343.22613012E-03,-3.98240983E-03
+18.10000E-06,+343.22613012E-03,-3.98240983E-03
+18.12500E-06,+341.91959747E-03,+37.69062E-06
+18.15000E-06,+332.77386893E-03,+37.69062E-06
+18.17500E-06,+337.99999952E-03,+1.04271574E-03
+18.20000E-06,+337.99999952E-03,+37.69062E-06
+18.22500E-06,+334.08040158E-03,+37.69062E-06
+18.25000E-06,+337.99999952E-03,+2.04774086E-03
+18.27500E-06,+332.77386893E-03,+37.69062E-06
+18.30000E-06,+337.99999952E-03,+37.69063E-06
+18.32500E-06,+337.99999952E-03,+37.69062E-06
+18.35000E-06,+332.77386893E-03,+2.04774085E-03
+18.37500E-06,+332.77386893E-03,+37.69062E-06
+18.40000E-06,+332.77386893E-03,+37.69062E-06
+18.42500E-06,+332.77386893E-03,+37.69062E-06
+18.45000E-06,+330.16080362E-03,-3.98240983E-03
+18.47500E-06,+332.77386893E-03,-3.98240983E-03
+18.50000E-06,+327.54773833E-03,+37.69062E-06
+18.52500E-06,+327.54773833E-03,-4.98743495E-03
+18.55000E-06,+327.54773833E-03,-3.98240983E-03
+18.57500E-06,+327.54773833E-03,-3.98240983E-03
+18.60000E-06,+322.32160774E-03,-3.98240983E-03
+18.62500E-06,+322.32160773E-03,-3.98240983E-03
+18.65000E-06,+324.93467303E-03,-1.97235961E-03
+18.67500E-06,+327.54773833E-03,-967.33449E-06
+18.70000E-06,+322.32160773E-03,-3.98240983E-03
+18.72500E-06,+322.32160773E-03,-967.33449E-06
+18.75000E-06,+319.70854244E-03,-3.98240983E-03
+18.77500E-06,+318.40200978E-03,-967.33449E-06
+18.80000E-06,+322.32160773E-03,-8.00251029E-03
+18.82500E-06,+317.09547713E-03,-3.98240983E-03
+18.85000E-06,+311.86934654E-03,-5.99246006E-03
+18.87500E-06,+322.32160773E-03,-2.97738472E-03
+18.90000E-06,+311.86934654E-03,-3.98240983E-03
+18.92500E-06,+313.17587919E-03,-3.98240983E-03
+18.95000E-06,+311.86934654E-03,-8.00251029E-03
+18.97500E-06,+311.86934654E-03,-8.00251029E-03
+19.00000E-06,+311.86934653E-03,-8.00251029E-03
+19.02500E-06,+311.86934654E-03,-6.99748518E-03
+19.05000E-06,+309.25628123E-03,-3.98240983E-03
+19.07500E-06,+311.86934654E-03,-3.98240983E-03
+19.10000E-06,+311.86934653E-03,-8.00251029E-03
+19.12500E-06,+306.64321594E-03,-12.02261075E-03
+19.15000E-06,+306.64321594E-03,-3.98240983E-03
+19.17500E-06,+306.64321594E-03,-8.00251029E-03
+19.20000E-06,+306.64321594E-03,-8.00251029E-03
+19.22500E-06,+301.41708534E-03,+1.04271574E-03
+19.25000E-06,+296.19095474E-03,-20.06281167E-03
+19.27500E-06,+310.56281389E-03,+16.11809246E-03
+19.30000E-06,+301.41708535E-03,+37.69062E-06
+19.32500E-06,+301.41708534E-03,-5.99246007E-03
+19.35000E-06,+301.41708534E-03,-10.01256053E-03
+19.37500E-06,+301.41708534E-03,-15.03768610E-03
+19.40000E-06,+301.41708534E-03,-12.02261075E-03
+19.42500E-06,+296.19095474E-03,-12.02261075E-03
+19.45000E-06,+296.19095474E-03,-12.02261075E-03
+19.47500E-06,+292.27135679E-03,-8.00251029E-03
+19.50000E-06,+296.19095474E-03,-8.00251030E-03
+19.52500E-06,+296.19095474E-03,-8.00251029E-03
+19.55000E-06,+293.57788945E-03,-12.02261075E-03
+19.57500E-06,+290.96482415E-03,-12.02261075E-03
+19.60000E-06,+290.96482415E-03,-12.02261075E-03
+19.62500E-06,+289.65829149E-03,-12.02261075E-03
+19.65000E-06,+290.96482415E-03,-10.01256052E-03
+19.67500E-06,+290.96482415E-03,-16.04271121E-03
+19.70000E-06,+290.96482414E-03,-12.02261075E-03
+19.72500E-06,+290.96482415E-03,-12.02261075E-03
+19.75000E-06,+285.73869355E-03,-14.03266099E-03
+19.77500E-06,+287.04522620E-03,-13.02763587E-03
+19.80000E-06,+285.73869355E-03,-12.02261075E-03
+19.82500E-06,+287.04522620E-03,-12.02261075E-03
+19.85000E-06,+283.12562825E-03,-12.02261075E-03
+19.87500E-06,+280.51256295E-03,-12.02261075E-03
+19.90000E-06,+280.51256295E-03,-12.02261075E-03
+19.92500E-06,+280.51256295E-03,-16.04271121E-03
+19.95000E-06,+280.51256295E-03,-16.04271121E-03
+19.97500E-06,+275.28643236E-03,-12.02261075E-03
+20.00000E-06,+275.28643236E-03,-16.04271121E-03
+20.02500E-06,+280.51256295E-03,-19.05778655E-03
+20.05000E-06,+277.89949766E-03,-16.04271121E-03
+20.07500E-06,+275.28643236E-03,-16.04271121E-03
+20.10000E-06,+275.28643236E-03,-16.04271121E-03
+20.12500E-06,+275.28643236E-03,-16.04271121E-03
+20.15000E-06,+275.28643236E-03,-16.04271121E-03
+20.17500E-06,+270.06030176E-03,-15.03768610E-03
+20.20000E-06,+270.06030176E-03,-16.04271121E-03
+20.22500E-06,+270.06030176E-03,-16.04271121E-03
+20.25000E-06,+272.67336706E-03,-16.04271121E-03
+20.27500E-06,+270.06030176E-03,-20.06281167E-03
+20.30000E-06,+264.83417116E-03,-20.06281167E-03
+20.32500E-06,+268.75376910E-03,-20.06281167E-03
+20.35000E-06,+264.83417116E-03,-16.04271121E-03
+20.37500E-06,+259.60804056E-03,-16.04271121E-03
+20.40000E-06,+259.60804056E-03,-16.04271121E-03
+20.42500E-06,+259.60804056E-03,-23.07788701E-03
+20.45000E-06,+262.22110587E-03,-20.06281167E-03
+20.47500E-06,+259.60804056E-03,-20.06281167E-03
+20.50000E-06,+259.60804056E-03,-20.06281167E-03
+20.52500E-06,+259.60804056E-03,-17.04773633E-03
+20.55000E-06,+256.99497526E-03,-24.08291213E-03
+20.57500E-06,+259.60804056E-03,-21.06783678E-03
+20.60000E-06,+254.38190997E-03,-8.00251029E-03
+20.62500E-06,+243.92964877E-03,-24.08291213E-03
+20.65000E-06,+243.92964877E-03,-26.09296237E-03
+20.67500E-06,+255.68844261E-03,-24.08291213E-03
+20.70000E-06,+254.38190996E-03,-24.08291213E-03
+20.72500E-06,+254.38190997E-03,-19.05778655E-03
+20.75000E-06,+254.38190997E-03,-20.06281167E-03
+20.77500E-06,+250.46231201E-03,-17.04773632E-03
+20.80000E-06,+249.15577937E-03,-20.06281167E-03
+20.82500E-06,+243.92964877E-03,-24.08291213E-03
+20.85000E-06,+249.15577937E-03,-28.10301259E-03
+20.87500E-06,+243.92964877E-03,-20.06281167E-03
+20.90000E-06,+243.92964878E-03,-20.06281168E-03
+20.92500E-06,+247.84924672E-03,-24.08291213E-03
+20.95000E-06,+243.92964877E-03,-22.07286191E-03
+20.97500E-06,+243.92964877E-03,-24.08291213E-03
+21.00000E-06,+243.92964877E-03,-20.06281168E-03
+21.02500E-06,+242.62311612E-03,-24.08291213E-03
+21.05000E-06,+238.70351817E-03,-26.09296236E-03
+21.07500E-06,+243.92964877E-03,-24.08291213E-03
+21.10000E-06,+233.47738758E-03,-24.08291213E-03
+21.12500E-06,+238.70351817E-03,-24.08291213E-03
+21.15000E-06,+233.47738758E-03,-24.08291213E-03
+21.17500E-06,+234.78392022E-03,-28.10301259E-03
+21.20000E-06,+233.47738758E-03,-24.08291213E-03
+21.22500E-06,+233.47738758E-03,-24.08291213E-03
+21.25000E-06,+238.70351817E-03,-24.08291213E-03
+21.27500E-06,+228.25125698E-03,-20.06281167E-03
+21.30000E-06,+228.25125698E-03,-28.10301259E-03
+21.32500E-06,+233.47738758E-03,-24.08291213E-03
+21.35000E-06,+233.47738758E-03,-28.10301259E-03
+21.37500E-06,+228.25125698E-03,-24.08291213E-03
+21.40000E-06,+228.25125698E-03,-24.08291213E-03
+21.42500E-06,+224.33165904E-03,-24.08291213E-03
+21.45000E-06,+223.02512638E-03,-28.10301259E-03
+21.47500E-06,+228.25125698E-03,-29.10803770E-03
+21.50000E-06,+228.25125698E-03,-28.10301259E-03
+21.52500E-06,+221.71859373E-03,-31.11808793E-03
+21.55000E-06,+223.02512638E-03,-30.11306282E-03
+21.57500E-06,+223.02512638E-03,-27.09798748E-03
+21.60000E-06,+223.02512638E-03,-28.10301259E-03
+21.62500E-06,+217.79899579E-03,-28.10301259E-03
+21.65000E-06,+217.79899579E-03,-24.08291213E-03
+21.67500E-06,+217.79899579E-03,-28.10301259E-03
+21.70000E-06,+217.79899579E-03,-32.12311305E-03
+21.72500E-06,+217.79899579E-03,-32.12311305E-03
+21.75000E-06,+217.79899579E-03,-28.10301259E-03
+21.77500E-06,+212.57286519E-03,-32.12311305E-03
+21.80000E-06,+212.57286519E-03,-28.10301259E-03
+21.82500E-06,+212.57286519E-03,-28.10301259E-03
+21.85000E-06,+215.18593049E-03,-32.12311305E-03
+21.87500E-06,+211.26633254E-03,-32.12311305E-03
+21.90000E-06,+207.34673460E-03,-32.12311305E-03
+21.92500E-06,+217.79899579E-03,-18.05276145E-03
+21.95000E-06,+209.95979989E-03,-8.00251029E-03
+21.97500E-06,+217.79899579E-03,-23.07788702E-03
+22.00000E-06,+212.57286518E-03,-32.12311306E-03
+22.02500E-06,+212.57286519E-03,-40.16331397E-03
+22.05000E-06,+207.34673459E-03,-42.17336420E-03
+22.07500E-06,+203.42713664E-03,-36.14321351E-03
+22.10000E-06,+207.34673459E-03,-32.12311305E-03
+22.12500E-06,+202.12060399E-03,-29.10803771E-03
+22.15000E-06,+202.12060399E-03,-32.12311305E-03
+22.17500E-06,+202.12060399E-03,-35.13818840E-03
+22.20000E-06,+196.89447340E-03,-32.12311305E-03
+22.22500E-06,+196.89447340E-03,-29.10803771E-03
+22.25000E-06,+196.89447340E-03,-34.13316328E-03
+22.27500E-06,+195.58794075E-03,-32.12311305E-03
+22.30000E-06,+196.89447340E-03,-32.12311305E-03
+22.32500E-06,+191.66834280E-03,-36.14321351E-03
+22.35000E-06,+194.28140809E-03,-32.12311305E-03
+22.37500E-06,+191.66834280E-03,-37.14823862E-03
+22.40000E-06,+191.66834280E-03,-32.12311305E-03
+22.42500E-06,+191.66834280E-03,-36.14321351E-03
+22.45000E-06,+189.05527751E-03,-38.15326374E-03
+22.47500E-06,+195.58794075E-03,-33.12813816E-03
+22.50000E-06,+186.44221221E-03,-36.14321351E-03
+22.52500E-06,+190.36181014E-03,-36.14321351E-03
+22.55000E-06,+186.44221220E-03,-40.16331397E-03
+22.57500E-06,+186.44221220E-03,-36.14321351E-03
+22.60000E-06,+181.21608160E-03,-36.14321351E-03
+22.62500E-06,+179.90954895E-03,-39.15828885E-03
+22.65000E-06,+183.82914691E-03,-38.15326374E-03
+22.67500E-06,+181.21608160E-03,-36.14321351E-03
+22.70000E-06,+175.98995101E-03,-36.14321351E-03
+22.72500E-06,+181.21608160E-03,-37.14823863E-03
+22.75000E-06,+181.21608160E-03,-42.17336420E-03
+22.77500E-06,+179.90954896E-03,-32.12311305E-03
+22.80000E-06,+175.98995101E-03,-40.16331397E-03
+22.82500E-06,+174.68341835E-03,-37.14823863E-03
+22.85000E-06,+175.98995101E-03,-40.16331397E-03
+22.87500E-06,+175.98995101E-03,-36.14321351E-03
+22.90000E-06,+170.76382040E-03,-36.14321351E-03
+22.92500E-06,+170.76382041E-03,-36.14321351E-03
+22.95000E-06,+168.15075512E-03,-38.15326374E-03
+22.97500E-06,+166.84422246E-03,-40.16331397E-03
+23.00000E-06,+170.76382041E-03,-40.16331397E-03
+23.02500E-06,+165.53768981E-03,-40.16331397E-03
+23.05000E-06,+165.53768981E-03,-40.16331397E-03
+23.07500E-06,+165.53768981E-03,-40.16331397E-03
+23.10000E-06,+165.53768981E-03,-40.16331397E-03
+23.12500E-06,+161.61809187E-03,-40.16331397E-03
+23.15000E-06,+162.92462451E-03,-38.15326374E-03
+23.17500E-06,+160.31155922E-03,-40.16331397E-03
+23.20000E-06,+160.31155922E-03,-40.16331397E-03
+23.22500E-06,+160.31155922E-03,-40.16331397E-03
+23.25000E-06,+160.31155922E-03,-42.17336420E-03
+23.27500E-06,+160.31155922E-03,-28.10301259E-03
+23.30000E-06,+170.76382041E-03,-32.12311305E-03
+23.32500E-06,+155.08542862E-03,-36.14321351E-03
+23.35000E-06,+147.24623273E-03,-44.18341442E-03
+23.37500E-06,+148.55276538E-03,-48.20351489E-03
+23.40000E-06,+149.85929802E-03,-40.16331397E-03
+23.42500E-06,+149.85929802E-03,-41.16833909E-03
+23.45000E-06,+155.08542862E-03,-38.15326374E-03
+23.47500E-06,+149.85929802E-03,-44.18341443E-03
+23.50000E-06,+149.85929802E-03,-40.16331397E-03
+23.52500E-06,+149.85929802E-03,-41.16833909E-03
+23.55000E-06,+152.47236332E-03,-40.16331397E-03
+23.57500E-06,+145.93970007E-03,-44.18341443E-03
+23.60000E-06,+149.85929802E-03,-40.16331397E-03
+23.62500E-06,+144.63316742E-03,-43.17838931E-03
+23.65000E-06,+147.24623273E-03,-42.17336420E-03
+23.67500E-06,+145.93970007E-03,-48.20351489E-03
+23.70000E-06,+144.63316742E-03,-44.18341443E-03
+23.72500E-06,+139.40703683E-03,-43.17838931E-03
+23.75000E-06,+139.40703683E-03,-44.18341443E-03
+23.77500E-06,+139.40703683E-03,-40.16331397E-03
+23.80000E-06,+139.40703683E-03,-44.18341443E-03
+23.82500E-06,+139.40703683E-03,-47.19848977E-03
+23.85000E-06,+134.18090623E-03,-40.16331397E-03
+23.87500E-06,+139.40703683E-03,-44.18341443E-03
+23.90000E-06,+139.40703682E-03,-44.18341443E-03
+23.92500E-06,+135.48743888E-03,-48.20351489E-03
+23.95000E-06,+134.18090623E-03,-44.18341443E-03
+23.97500E-06,+134.18090623E-03,-48.20351489E-03
+24.00000E-06,+134.18090623E-03,-48.20351489E-03
+24.02500E-06,+134.18090623E-03,-47.19848977E-03
+24.05000E-06,+131.56784094E-03,-48.20351489E-03
+24.07500E-06,+128.95477563E-03,-44.18341443E-03
+24.10000E-06,+128.95477563E-03,-44.18341443E-03
+24.12500E-06,+125.03517769E-03,-44.18341443E-03
+24.15000E-06,+123.72864503E-03,-44.18341443E-03
+24.17500E-06,+123.72864503E-03,-52.22361535E-03
+24.20000E-06,+128.95477563E-03,-48.20351488E-03
+24.22500E-06,+123.72864503E-03,-48.20351489E-03
+24.25000E-06,+123.72864503E-03,-50.21356512E-03
+24.27500E-06,+118.50251444E-03,-51.21859024E-03
+24.30000E-06,+118.50251444E-03,-48.20351489E-03
+24.32500E-06,+122.42211238E-03,-48.20351489E-03
+24.35000E-06,+118.50251444E-03,-52.22361535E-03
+24.37500E-06,+118.50251444E-03,-49.20854000E-03
+24.40000E-06,+113.27638384E-03,-48.20351489E-03
+24.42500E-06,+113.27638384E-03,-47.19848977E-03
+24.45000E-06,+115.88944913E-03,-48.20351489E-03
+24.47500E-06,+113.27638384E-03,-52.22361535E-03
+24.50000E-06,+108.05025325E-03,-48.20351489E-03
+24.52500E-06,+108.05025324E-03,-52.22361535E-03
+24.55000E-06,+113.27638384E-03,-50.21356511E-03
+24.57500E-06,+113.27638384E-03,-52.22361535E-03
+24.60000E-06,+113.27638383E-03,-52.22361535E-03
+24.62500E-06,+113.27638384E-03,-57.24874093E-03
+24.65000E-06,+113.27638384E-03,-46.19346467E-03
+24.67500E-06,+114.58291648E-03,-68.30401719E-03
+24.70000E-06,+108.05025324E-03,-60.26381627E-03
+24.72500E-06,+106.74372059E-03,-55.23869069E-03
+24.75000E-06,+102.82412264E-03,-50.21356511E-03
+24.77500E-06,+102.82412264E-03,-48.20351489E-03
+24.80000E-06,+102.82412264E-03,-48.20351489E-03
+24.82500E-06,+102.82412264E-03,-52.22361535E-03
+24.85000E-06,+102.82412264E-03,-52.22361535E-03
+24.87500E-06,+102.82412264E-03,-56.24371581E-03
+24.90000E-06,+97.59799205E-03,-52.22361535E-03
+24.92500E-06,+93.67839410E-03,-51.21859023E-03
+24.95000E-06,+100.21105734E-03,-50.21356511E-03
+24.97500E-06,+97.59799205E-03,-49.20854000E-03
